GAS LISTING C:\Users\hugo\AppData\Local\Temp\ccrWIzdP.s 			page 1


   1              		.file	"usbd_transc.c"
   2              		.option nopic
   3              		.attribute arch, "rv32i2p0_m2p0_a2p0_c2p0"
   4              		.attribute unaligned_access, 0
   5              		.attribute stack_align, 16
   6              		.text
   7              	.Ltext0:
   8              		.cfi_sections	.debug_frame
   9              		.section	.text.usbd_ctl_send,"ax",@progbits
  10              		.align	1
  11              		.globl	usbd_ctl_send
  13              	usbd_ctl_send:
  14              	.LFB3:
  15              		.file 1 "./../../firmware/debugger/lib/usbcdc/src/usbd_transc.c"
   1:./../../firmware/debugger/lib/usbcdc/src/usbd_transc.c **** /*!
   2:./../../firmware/debugger/lib/usbcdc/src/usbd_transc.c ****     \file  usbd_transc.c
   3:./../../firmware/debugger/lib/usbcdc/src/usbd_transc.c ****     \brief USB transaction core functions
   4:./../../firmware/debugger/lib/usbcdc/src/usbd_transc.c **** 
   5:./../../firmware/debugger/lib/usbcdc/src/usbd_transc.c ****     \version 2019-6-5, V1.0.0, firmware for GD32 USBFS&USBHS
   6:./../../firmware/debugger/lib/usbcdc/src/usbd_transc.c **** */
   7:./../../firmware/debugger/lib/usbcdc/src/usbd_transc.c **** 
   8:./../../firmware/debugger/lib/usbcdc/src/usbd_transc.c **** /*
   9:./../../firmware/debugger/lib/usbcdc/src/usbd_transc.c ****     Copyright (c) 2019, GigaDevice Semiconductor Inc.
  10:./../../firmware/debugger/lib/usbcdc/src/usbd_transc.c **** 
  11:./../../firmware/debugger/lib/usbcdc/src/usbd_transc.c ****     Redistribution and use in source and binary forms, with or without modification, 
  12:./../../firmware/debugger/lib/usbcdc/src/usbd_transc.c **** are permitted provided that the following conditions are met:
  13:./../../firmware/debugger/lib/usbcdc/src/usbd_transc.c **** 
  14:./../../firmware/debugger/lib/usbcdc/src/usbd_transc.c ****     1. Redistributions of source code must retain the above copyright notice, this 
  15:./../../firmware/debugger/lib/usbcdc/src/usbd_transc.c ****        list of conditions and the following disclaimer.
  16:./../../firmware/debugger/lib/usbcdc/src/usbd_transc.c ****     2. Redistributions in binary form must reproduce the above copyright notice, 
  17:./../../firmware/debugger/lib/usbcdc/src/usbd_transc.c ****        this list of conditions and the following disclaimer in the documentation 
  18:./../../firmware/debugger/lib/usbcdc/src/usbd_transc.c ****        and/or other materials provided with the distribution.
  19:./../../firmware/debugger/lib/usbcdc/src/usbd_transc.c ****     3. Neither the name of the copyright holder nor the names of its contributors 
  20:./../../firmware/debugger/lib/usbcdc/src/usbd_transc.c ****        may be used to endorse or promote products derived from this software without 
  21:./../../firmware/debugger/lib/usbcdc/src/usbd_transc.c ****        specific prior written permission.
  22:./../../firmware/debugger/lib/usbcdc/src/usbd_transc.c **** 
  23:./../../firmware/debugger/lib/usbcdc/src/usbd_transc.c ****     THIS SOFTWARE IS PROVIDED BY THE COPYRIGHT HOLDERS AND CONTRIBUTORS "AS IS" 
  24:./../../firmware/debugger/lib/usbcdc/src/usbd_transc.c **** AND ANY EXPRESS OR IMPLIED WARRANTIES, INCLUDING, BUT NOT LIMITED TO, THE IMPLIED 
  25:./../../firmware/debugger/lib/usbcdc/src/usbd_transc.c **** WARRANTIES OF MERCHANTABILITY AND FITNESS FOR A PARTICULAR PURPOSE ARE DISCLAIMED. 
  26:./../../firmware/debugger/lib/usbcdc/src/usbd_transc.c **** IN NO EVENT SHALL THE COPYRIGHT HOLDER OR CONTRIBUTORS BE LIABLE FOR ANY DIRECT, 
  27:./../../firmware/debugger/lib/usbcdc/src/usbd_transc.c **** INDIRECT, INCIDENTAL, SPECIAL, EXEMPLARY, OR CONSEQUENTIAL DAMAGES (INCLUDING, BUT 
  28:./../../firmware/debugger/lib/usbcdc/src/usbd_transc.c **** NOT LIMITED TO, PROCUREMENT OF SUBSTITUTE GOODS OR SERVICES; LOSS OF USE, DATA, OR 
  29:./../../firmware/debugger/lib/usbcdc/src/usbd_transc.c **** PROFITS; OR BUSINESS INTERRUPTION) HOWEVER CAUSED AND ON ANY THEORY OF LIABILITY, 
  30:./../../firmware/debugger/lib/usbcdc/src/usbd_transc.c **** WHETHER IN CONTRACT, STRICT LIABILITY, OR TORT (INCLUDING NEGLIGENCE OR OTHERWISE) 
  31:./../../firmware/debugger/lib/usbcdc/src/usbd_transc.c **** ARISING IN ANY WAY OUT OF THE USE OF THIS SOFTWARE, EVEN IF ADVISED OF THE POSSIBILITY 
  32:./../../firmware/debugger/lib/usbcdc/src/usbd_transc.c **** OF SUCH DAMAGE.
  33:./../../firmware/debugger/lib/usbcdc/src/usbd_transc.c **** */
  34:./../../firmware/debugger/lib/usbcdc/src/usbd_transc.c **** 
  35:./../../firmware/debugger/lib/usbcdc/src/usbd_transc.c **** #include "usbd_enum.h"
  36:./../../firmware/debugger/lib/usbcdc/src/usbd_transc.c **** #include "usbd_transc.h"
  37:./../../firmware/debugger/lib/usbcdc/src/usbd_transc.c **** 
  38:./../../firmware/debugger/lib/usbcdc/src/usbd_transc.c **** /*!
  39:./../../firmware/debugger/lib/usbcdc/src/usbd_transc.c ****     \brief      USB send data in the control transaction
  40:./../../firmware/debugger/lib/usbcdc/src/usbd_transc.c ****     \param[in]  udev: pointer to USB device instance
  41:./../../firmware/debugger/lib/usbcdc/src/usbd_transc.c ****     \param[out] none
  42:./../../firmware/debugger/lib/usbcdc/src/usbd_transc.c ****     \retval     USB device operation cur_status
  43:./../../firmware/debugger/lib/usbcdc/src/usbd_transc.c **** */
GAS LISTING C:\Users\hugo\AppData\Local\Temp\ccrWIzdP.s 			page 2


  44:./../../firmware/debugger/lib/usbcdc/src/usbd_transc.c **** usbd_status usbd_ctl_send (usb_core_driver *udev)
  45:./../../firmware/debugger/lib/usbcdc/src/usbd_transc.c **** {
  16              		.loc 1 45 1
  17              		.cfi_startproc
  18              	.LVL0:
  46:./../../firmware/debugger/lib/usbcdc/src/usbd_transc.c ****     usb_transc *transc = &udev->dev.transc_in[0];
  19              		.loc 1 46 5
  47:./../../firmware/debugger/lib/usbcdc/src/usbd_transc.c **** 
  48:./../../firmware/debugger/lib/usbcdc/src/usbd_transc.c ****     usbd_ep_send(udev, 0U, transc->xfer_buf, transc->remain_len);
  20              		.loc 1 48 5
  21 0000 8356C50D 		lhu	a3,220(a0)
  22 0004 0326050D 		lw	a2,208(a0)
  45:./../../firmware/debugger/lib/usbcdc/src/usbd_transc.c ****     usb_transc *transc = &udev->dev.transc_in[0];
  23              		.loc 1 45 1 is_stmt 0
  24 0008 4111     		addi	sp,sp,-16
  25              	.LCFI0:
  26              		.cfi_def_cfa_offset 16
  27              		.loc 1 48 5
  28 000a 8145     		li	a1,0
  45:./../../firmware/debugger/lib/usbcdc/src/usbd_transc.c ****     usb_transc *transc = &udev->dev.transc_in[0];
  29              		.loc 1 45 1
  30 000c 22C4     		sw	s0,8(sp)
  31 000e 06C6     		sw	ra,12(sp)
  32              		.cfi_offset 8, -8
  33              		.cfi_offset 1, -4
  45:./../../firmware/debugger/lib/usbcdc/src/usbd_transc.c ****     usb_transc *transc = &udev->dev.transc_in[0];
  34              		.loc 1 45 1
  35 0010 2A84     		mv	s0,a0
  36              		.loc 1 48 5
  37 0012 97000000 		call	usbd_ep_send
  37      E7800000 
  38              	.LVL1:
  49:./../../firmware/debugger/lib/usbcdc/src/usbd_transc.c **** 
  50:./../../firmware/debugger/lib/usbcdc/src/usbd_transc.c ****     if (transc->remain_len > transc->max_len) {
  39              		.loc 1 50 5 is_stmt 1
  40              		.loc 1 50 28 is_stmt 0
  41 001a 0357C40C 		lhu	a4,204(s0)
  42              		.loc 1 50 8
  43 001e 8326C40D 		lw	a3,220(s0)
  51:./../../firmware/debugger/lib/usbcdc/src/usbd_transc.c ****         udev->dev.control.ctl_state = USB_CTL_DATA_IN;
  52:./../../firmware/debugger/lib/usbcdc/src/usbd_transc.c ****     } else {
  53:./../../firmware/debugger/lib/usbcdc/src/usbd_transc.c ****         udev->dev.control.ctl_state = USB_CTL_LAST_DATA_IN;
  44              		.loc 1 53 37
  45 0022 8947     		li	a5,2
  50:./../../firmware/debugger/lib/usbcdc/src/usbd_transc.c ****         udev->dev.control.ctl_state = USB_CTL_DATA_IN;
  46              		.loc 1 50 8
  47 0024 6373D700 		bleu	a3,a4,.L2
  48 0028 8547     		li	a5,1
  49              	.L2:
  50 002a 2306F442 		sb	a5,1068(s0)
  54:./../../firmware/debugger/lib/usbcdc/src/usbd_transc.c ****     }
  55:./../../firmware/debugger/lib/usbcdc/src/usbd_transc.c **** 
  56:./../../firmware/debugger/lib/usbcdc/src/usbd_transc.c ****     return USBD_OK;
  51              		.loc 1 56 5 is_stmt 1
  57:./../../firmware/debugger/lib/usbcdc/src/usbd_transc.c **** }
  52              		.loc 1 57 1 is_stmt 0
  53 002e B240     		lw	ra,12(sp)
GAS LISTING C:\Users\hugo\AppData\Local\Temp\ccrWIzdP.s 			page 3


  54              		.cfi_restore 1
  55 0030 2244     		lw	s0,8(sp)
  56              		.cfi_restore 8
  57              	.LVL2:
  58 0032 0145     		li	a0,0
  59 0034 4101     		addi	sp,sp,16
  60              	.LCFI1:
  61              		.cfi_def_cfa_offset 0
  62 0036 8280     		jr	ra
  63              		.cfi_endproc
  64              	.LFE3:
  66              		.section	.text.usbd_ctl_recev,"ax",@progbits
  67              		.align	1
  68              		.globl	usbd_ctl_recev
  70              	usbd_ctl_recev:
  71              	.LFB4:
  58:./../../firmware/debugger/lib/usbcdc/src/usbd_transc.c **** 
  59:./../../firmware/debugger/lib/usbcdc/src/usbd_transc.c **** /*!
  60:./../../firmware/debugger/lib/usbcdc/src/usbd_transc.c ****     \brief      USB receive data in control transaction
  61:./../../firmware/debugger/lib/usbcdc/src/usbd_transc.c ****     \param[in]  udev: pointer to USB device instance
  62:./../../firmware/debugger/lib/usbcdc/src/usbd_transc.c ****     \param[out] none
  63:./../../firmware/debugger/lib/usbcdc/src/usbd_transc.c ****     \retval     USB device operation cur_status
  64:./../../firmware/debugger/lib/usbcdc/src/usbd_transc.c **** */
  65:./../../firmware/debugger/lib/usbcdc/src/usbd_transc.c **** usbd_status  usbd_ctl_recev (usb_core_driver *udev)
  66:./../../firmware/debugger/lib/usbcdc/src/usbd_transc.c **** {
  72              		.loc 1 66 1 is_stmt 1
  73              		.cfi_startproc
  74              	.LVL3:
  67:./../../firmware/debugger/lib/usbcdc/src/usbd_transc.c ****     usb_transc *transc = &udev->dev.transc_out[0];
  75              		.loc 1 67 5
  68:./../../firmware/debugger/lib/usbcdc/src/usbd_transc.c **** 
  69:./../../firmware/debugger/lib/usbcdc/src/usbd_transc.c ****     usbd_ep_recev (udev, 0U, transc->xfer_buf, transc->remain_len);
  76              		.loc 1 69 5
  77 0000 83560528 		lhu	a3,640(a0)
  78 0004 03264527 		lw	a2,628(a0)
  66:./../../firmware/debugger/lib/usbcdc/src/usbd_transc.c ****     usb_transc *transc = &udev->dev.transc_out[0];
  79              		.loc 1 66 1 is_stmt 0
  80 0008 4111     		addi	sp,sp,-16
  81              	.LCFI2:
  82              		.cfi_def_cfa_offset 16
  83              		.loc 1 69 5
  84 000a 8145     		li	a1,0
  66:./../../firmware/debugger/lib/usbcdc/src/usbd_transc.c ****     usb_transc *transc = &udev->dev.transc_out[0];
  85              		.loc 1 66 1
  86 000c 22C4     		sw	s0,8(sp)
  87 000e 06C6     		sw	ra,12(sp)
  88              		.cfi_offset 8, -8
  89              		.cfi_offset 1, -4
  66:./../../firmware/debugger/lib/usbcdc/src/usbd_transc.c ****     usb_transc *transc = &udev->dev.transc_out[0];
  90              		.loc 1 66 1
  91 0010 2A84     		mv	s0,a0
  92              		.loc 1 69 5
  93 0012 97000000 		call	usbd_ep_recev
  93      E7800000 
  94              	.LVL4:
  70:./../../firmware/debugger/lib/usbcdc/src/usbd_transc.c **** 
  71:./../../firmware/debugger/lib/usbcdc/src/usbd_transc.c ****     if (transc->remain_len > transc->max_len) {
GAS LISTING C:\Users\hugo\AppData\Local\Temp\ccrWIzdP.s 			page 4


  95              		.loc 1 71 5 is_stmt 1
  96              		.loc 1 71 28 is_stmt 0
  97 001a 03570427 		lhu	a4,624(s0)
  98              		.loc 1 71 8
  99 001e 83260428 		lw	a3,640(s0)
  72:./../../firmware/debugger/lib/usbcdc/src/usbd_transc.c ****         udev->dev.control.ctl_state = USB_CTL_DATA_OUT;
  73:./../../firmware/debugger/lib/usbcdc/src/usbd_transc.c ****     } else {
  74:./../../firmware/debugger/lib/usbcdc/src/usbd_transc.c ****         udev->dev.control.ctl_state = USB_CTL_LAST_DATA_OUT;
 100              		.loc 1 74 37
 101 0022 9147     		li	a5,4
  71:./../../firmware/debugger/lib/usbcdc/src/usbd_transc.c ****         udev->dev.control.ctl_state = USB_CTL_DATA_OUT;
 102              		.loc 1 71 8
 103 0024 6373D700 		bleu	a3,a4,.L7
 104 0028 8D47     		li	a5,3
 105              	.L7:
 106 002a 2306F442 		sb	a5,1068(s0)
  75:./../../firmware/debugger/lib/usbcdc/src/usbd_transc.c ****     }
  76:./../../firmware/debugger/lib/usbcdc/src/usbd_transc.c **** 
  77:./../../firmware/debugger/lib/usbcdc/src/usbd_transc.c ****     return USBD_OK;
 107              		.loc 1 77 5 is_stmt 1
  78:./../../firmware/debugger/lib/usbcdc/src/usbd_transc.c **** }
 108              		.loc 1 78 1 is_stmt 0
 109 002e B240     		lw	ra,12(sp)
 110              		.cfi_restore 1
 111 0030 2244     		lw	s0,8(sp)
 112              		.cfi_restore 8
 113              	.LVL5:
 114 0032 0145     		li	a0,0
 115 0034 4101     		addi	sp,sp,16
 116              	.LCFI3:
 117              		.cfi_def_cfa_offset 0
 118 0036 8280     		jr	ra
 119              		.cfi_endproc
 120              	.LFE4:
 122              		.section	.text.usbd_ctl_status_send,"ax",@progbits
 123              		.align	1
 124              		.globl	usbd_ctl_status_send
 126              	usbd_ctl_status_send:
 127              	.LFB5:
  79:./../../firmware/debugger/lib/usbcdc/src/usbd_transc.c **** 
  80:./../../firmware/debugger/lib/usbcdc/src/usbd_transc.c **** /*!
  81:./../../firmware/debugger/lib/usbcdc/src/usbd_transc.c ****     \brief      USB send control transaction status
  82:./../../firmware/debugger/lib/usbcdc/src/usbd_transc.c ****     \param[in]  udev: pointer to USB device instance
  83:./../../firmware/debugger/lib/usbcdc/src/usbd_transc.c ****     \param[out] none
  84:./../../firmware/debugger/lib/usbcdc/src/usbd_transc.c ****     \retval     USB device operation cur_status
  85:./../../firmware/debugger/lib/usbcdc/src/usbd_transc.c **** */
  86:./../../firmware/debugger/lib/usbcdc/src/usbd_transc.c **** usbd_status  usbd_ctl_status_send (usb_core_driver *udev)
  87:./../../firmware/debugger/lib/usbcdc/src/usbd_transc.c **** {
 128              		.loc 1 87 1 is_stmt 1
 129              		.cfi_startproc
 130              	.LVL6:
  88:./../../firmware/debugger/lib/usbcdc/src/usbd_transc.c ****     udev->dev.control.ctl_state = USB_CTL_STATUS_IN;
 131              		.loc 1 88 5
  87:./../../firmware/debugger/lib/usbcdc/src/usbd_transc.c ****     udev->dev.control.ctl_state = USB_CTL_STATUS_IN;
 132              		.loc 1 87 1 is_stmt 0
 133 0000 4111     		addi	sp,sp,-16
 134              	.LCFI4:
GAS LISTING C:\Users\hugo\AppData\Local\Temp\ccrWIzdP.s 			page 5


 135              		.cfi_def_cfa_offset 16
 136 0002 06C6     		sw	ra,12(sp)
 137 0004 22C4     		sw	s0,8(sp)
 138              		.cfi_offset 1, -4
 139              		.cfi_offset 8, -8
 140              		.loc 1 88 33
 141 0006 9547     		li	a5,5
 142 0008 2306F542 		sb	a5,1068(a0)
  89:./../../firmware/debugger/lib/usbcdc/src/usbd_transc.c **** 
  90:./../../firmware/debugger/lib/usbcdc/src/usbd_transc.c ****     usbd_ep_send (udev, 0U, NULL, 0U);
 143              		.loc 1 90 5 is_stmt 1
 144 000c 8146     		li	a3,0
 145 000e 0146     		li	a2,0
 146 0010 8145     		li	a1,0
  87:./../../firmware/debugger/lib/usbcdc/src/usbd_transc.c ****     udev->dev.control.ctl_state = USB_CTL_STATUS_IN;
 147              		.loc 1 87 1 is_stmt 0
 148 0012 2A84     		mv	s0,a0
 149              		.loc 1 90 5
 150 0014 97000000 		call	usbd_ep_send
 150      E7800000 
 151              	.LVL7:
  91:./../../firmware/debugger/lib/usbcdc/src/usbd_transc.c **** 
  92:./../../firmware/debugger/lib/usbcdc/src/usbd_transc.c ****     usb_ctlep_startout(udev);
 152              		.loc 1 92 5 is_stmt 1
 153 001c 2285     		mv	a0,s0
 154 001e 97000000 		call	usb_ctlep_startout
 154      E7800000 
 155              	.LVL8:
  93:./../../firmware/debugger/lib/usbcdc/src/usbd_transc.c **** 
  94:./../../firmware/debugger/lib/usbcdc/src/usbd_transc.c ****     return USBD_OK;
 156              		.loc 1 94 5
  95:./../../firmware/debugger/lib/usbcdc/src/usbd_transc.c **** }
 157              		.loc 1 95 1 is_stmt 0
 158 0026 B240     		lw	ra,12(sp)
 159              		.cfi_restore 1
 160 0028 2244     		lw	s0,8(sp)
 161              		.cfi_restore 8
 162              	.LVL9:
 163 002a 0145     		li	a0,0
 164 002c 4101     		addi	sp,sp,16
 165              	.LCFI5:
 166              		.cfi_def_cfa_offset 0
 167 002e 8280     		jr	ra
 168              		.cfi_endproc
 169              	.LFE5:
 171              		.section	.text.usbd_ctl_status_recev,"ax",@progbits
 172              		.align	1
 173              		.globl	usbd_ctl_status_recev
 175              	usbd_ctl_status_recev:
 176              	.LFB6:
  96:./../../firmware/debugger/lib/usbcdc/src/usbd_transc.c **** 
  97:./../../firmware/debugger/lib/usbcdc/src/usbd_transc.c **** /*!
  98:./../../firmware/debugger/lib/usbcdc/src/usbd_transc.c ****     \brief      USB control receive status
  99:./../../firmware/debugger/lib/usbcdc/src/usbd_transc.c ****     \param[in]  udev: pointer to USB device instance
 100:./../../firmware/debugger/lib/usbcdc/src/usbd_transc.c ****     \param[out] none
 101:./../../firmware/debugger/lib/usbcdc/src/usbd_transc.c ****     \retval     USB device operation cur_status
 102:./../../firmware/debugger/lib/usbcdc/src/usbd_transc.c **** */
GAS LISTING C:\Users\hugo\AppData\Local\Temp\ccrWIzdP.s 			page 6


 103:./../../firmware/debugger/lib/usbcdc/src/usbd_transc.c **** usbd_status usbd_ctl_status_recev (usb_core_driver *udev)
 104:./../../firmware/debugger/lib/usbcdc/src/usbd_transc.c **** {
 177              		.loc 1 104 1 is_stmt 1
 178              		.cfi_startproc
 179              	.LVL10:
 105:./../../firmware/debugger/lib/usbcdc/src/usbd_transc.c ****     udev->dev.control.ctl_state = USB_CTL_STATUS_OUT;
 180              		.loc 1 105 5
 104:./../../firmware/debugger/lib/usbcdc/src/usbd_transc.c ****     udev->dev.control.ctl_state = USB_CTL_STATUS_OUT;
 181              		.loc 1 104 1 is_stmt 0
 182 0000 4111     		addi	sp,sp,-16
 183              	.LCFI6:
 184              		.cfi_def_cfa_offset 16
 185 0002 06C6     		sw	ra,12(sp)
 186 0004 22C4     		sw	s0,8(sp)
 187              		.cfi_offset 1, -4
 188              		.cfi_offset 8, -8
 189              		.loc 1 105 33
 190 0006 9947     		li	a5,6
 191 0008 2306F542 		sb	a5,1068(a0)
 106:./../../firmware/debugger/lib/usbcdc/src/usbd_transc.c **** 
 107:./../../firmware/debugger/lib/usbcdc/src/usbd_transc.c ****     usbd_ep_recev (udev, 0, NULL, 0);
 192              		.loc 1 107 5 is_stmt 1
 193 000c 8146     		li	a3,0
 194 000e 0146     		li	a2,0
 195 0010 8145     		li	a1,0
 104:./../../firmware/debugger/lib/usbcdc/src/usbd_transc.c ****     udev->dev.control.ctl_state = USB_CTL_STATUS_OUT;
 196              		.loc 1 104 1 is_stmt 0
 197 0012 2A84     		mv	s0,a0
 198              		.loc 1 107 5
 199 0014 97000000 		call	usbd_ep_recev
 199      E7800000 
 200              	.LVL11:
 108:./../../firmware/debugger/lib/usbcdc/src/usbd_transc.c **** 
 109:./../../firmware/debugger/lib/usbcdc/src/usbd_transc.c ****     usb_ctlep_startout(udev);
 201              		.loc 1 109 5 is_stmt 1
 202 001c 2285     		mv	a0,s0
 203 001e 97000000 		call	usb_ctlep_startout
 203      E7800000 
 204              	.LVL12:
 110:./../../firmware/debugger/lib/usbcdc/src/usbd_transc.c **** 
 111:./../../firmware/debugger/lib/usbcdc/src/usbd_transc.c ****     return USBD_OK;
 205              		.loc 1 111 5
 112:./../../firmware/debugger/lib/usbcdc/src/usbd_transc.c **** }
 206              		.loc 1 112 1 is_stmt 0
 207 0026 B240     		lw	ra,12(sp)
 208              		.cfi_restore 1
 209 0028 2244     		lw	s0,8(sp)
 210              		.cfi_restore 8
 211              	.LVL13:
 212 002a 0145     		li	a0,0
 213 002c 4101     		addi	sp,sp,16
 214              	.LCFI7:
 215              		.cfi_def_cfa_offset 0
 216 002e 8280     		jr	ra
 217              		.cfi_endproc
 218              	.LFE6:
 220              		.section	.text.usbd_setup_transc,"ax",@progbits
GAS LISTING C:\Users\hugo\AppData\Local\Temp\ccrWIzdP.s 			page 7


 221              		.align	1
 222              		.globl	usbd_setup_transc
 224              	usbd_setup_transc:
 225              	.LFB7:
 113:./../../firmware/debugger/lib/usbcdc/src/usbd_transc.c **** 
 114:./../../firmware/debugger/lib/usbcdc/src/usbd_transc.c **** /*!
 115:./../../firmware/debugger/lib/usbcdc/src/usbd_transc.c ****     \brief      USB setup stage processing
 116:./../../firmware/debugger/lib/usbcdc/src/usbd_transc.c ****     \param[in]  udev: pointer to USB device instance
 117:./../../firmware/debugger/lib/usbcdc/src/usbd_transc.c ****     \param[out] none
 118:./../../firmware/debugger/lib/usbcdc/src/usbd_transc.c ****     \retval     USB device operation cur_status
 119:./../../firmware/debugger/lib/usbcdc/src/usbd_transc.c **** */
 120:./../../firmware/debugger/lib/usbcdc/src/usbd_transc.c **** uint8_t usbd_setup_transc (usb_core_driver *udev)
 121:./../../firmware/debugger/lib/usbcdc/src/usbd_transc.c **** {
 226              		.loc 1 121 1 is_stmt 1
 227              		.cfi_startproc
 228              	.LVL14:
 122:./../../firmware/debugger/lib/usbcdc/src/usbd_transc.c ****     usb_reqsta reqstat = REQ_NOTSUPP;
 229              		.loc 1 122 5
 123:./../../firmware/debugger/lib/usbcdc/src/usbd_transc.c **** 
 124:./../../firmware/debugger/lib/usbcdc/src/usbd_transc.c ****     usb_req req = udev->dev.control.req;
 230              		.loc 1 124 5
 231              		.loc 1 124 13 is_stmt 0
 232 0000 83274542 		lw	a5,1060(a0)
 233 0004 03278542 		lw	a4,1064(a0)
 121:./../../firmware/debugger/lib/usbcdc/src/usbd_transc.c ****     usb_reqsta reqstat = REQ_NOTSUPP;
 234              		.loc 1 121 1
 235 0008 0111     		addi	sp,sp,-32
 236              	.LCFI8:
 237              		.cfi_def_cfa_offset 32
 238 000a 22CC     		sw	s0,24(sp)
 239              		.loc 1 124 13
 240 000c 3EC4     		sw	a5,8(sp)
 241 000e 3AC6     		sw	a4,12(sp)
 125:./../../firmware/debugger/lib/usbcdc/src/usbd_transc.c **** 
 126:./../../firmware/debugger/lib/usbcdc/src/usbd_transc.c ****     switch (req.bmRequestType & USB_REQTYPE_MASK) {
 242              		.loc 1 126 5 is_stmt 1
 121:./../../firmware/debugger/lib/usbcdc/src/usbd_transc.c ****     usb_reqsta reqstat = REQ_NOTSUPP;
 243              		.loc 1 121 1 is_stmt 0
 244 0010 06CE     		sw	ra,28(sp)
 245              		.cfi_offset 8, -8
 246              		.cfi_offset 1, -4
 247 0012 93F70706 		andi	a5,a5,96
 248              		.loc 1 126 5
 249 0016 13070002 		li	a4,32
 121:./../../firmware/debugger/lib/usbcdc/src/usbd_transc.c ****     usb_reqsta reqstat = REQ_NOTSUPP;
 250              		.loc 1 121 1
 251 001a 2A84     		mv	s0,a0
 252              		.loc 1 126 5
 253 001c 638AE702 		beq	a5,a4,.L16
 254 0020 13070004 		li	a4,64
 255 0024 638CE702 		beq	a5,a4,.L17
 256 0028 B9EF     		bne	a5,zero,.L18
 127:./../../firmware/debugger/lib/usbcdc/src/usbd_transc.c ****     /* standard device request */
 128:./../../firmware/debugger/lib/usbcdc/src/usbd_transc.c ****     case USB_REQTYPE_STRD:
 129:./../../firmware/debugger/lib/usbcdc/src/usbd_transc.c ****         reqstat = usbd_standard_request (udev, &req);
 257              		.loc 1 129 9 is_stmt 1
 258              		.loc 1 129 19 is_stmt 0
GAS LISTING C:\Users\hugo\AppData\Local\Temp\ccrWIzdP.s 			page 8


 259 002a 2C00     		addi	a1,sp,8
 260 002c 97000000 		call	usbd_standard_request
 260      E7800000 
 261              	.LVL15:
 130:./../../firmware/debugger/lib/usbcdc/src/usbd_transc.c ****         break;
 262              		.loc 1 130 9 is_stmt 1
 263              	.L19:
 131:./../../firmware/debugger/lib/usbcdc/src/usbd_transc.c **** 
 132:./../../firmware/debugger/lib/usbcdc/src/usbd_transc.c ****     /* device class request */
 133:./../../firmware/debugger/lib/usbcdc/src/usbd_transc.c ****     case USB_REQTYPE_CLASS:
 134:./../../firmware/debugger/lib/usbcdc/src/usbd_transc.c ****         reqstat = usbd_class_request (udev, &req);
 135:./../../firmware/debugger/lib/usbcdc/src/usbd_transc.c ****         break;
 136:./../../firmware/debugger/lib/usbcdc/src/usbd_transc.c **** 
 137:./../../firmware/debugger/lib/usbcdc/src/usbd_transc.c ****     /* vendor defined request */
 138:./../../firmware/debugger/lib/usbcdc/src/usbd_transc.c ****     case USB_REQTYPE_VENDOR:
 139:./../../firmware/debugger/lib/usbcdc/src/usbd_transc.c ****         reqstat = usbd_vendor_request (udev, &req);
 140:./../../firmware/debugger/lib/usbcdc/src/usbd_transc.c ****         break;
 141:./../../firmware/debugger/lib/usbcdc/src/usbd_transc.c **** 
 142:./../../firmware/debugger/lib/usbcdc/src/usbd_transc.c ****     default:
 143:./../../firmware/debugger/lib/usbcdc/src/usbd_transc.c ****         break;
 144:./../../firmware/debugger/lib/usbcdc/src/usbd_transc.c ****     }
 145:./../../firmware/debugger/lib/usbcdc/src/usbd_transc.c **** 
 146:./../../firmware/debugger/lib/usbcdc/src/usbd_transc.c ****     if (REQ_SUPP == reqstat) {
 264              		.loc 1 146 5
 265              		.loc 1 146 8 is_stmt 0
 266 0034 29E9     		bne	a0,zero,.L18
 147:./../../firmware/debugger/lib/usbcdc/src/usbd_transc.c ****         if (req.wLength == 0) {
 267              		.loc 1 147 9 is_stmt 1
 268              		.loc 1 147 12 is_stmt 0
 269 0036 8357E100 		lhu	a5,14(sp)
 270 003a 9DE7     		bne	a5,zero,.L20
 148:./../../firmware/debugger/lib/usbcdc/src/usbd_transc.c ****             usbd_ctl_status_send (udev);
 271              		.loc 1 148 13 is_stmt 1
 272 003c 2285     		mv	a0,s0
 273              	.LVL16:
 274 003e 97000000 		call	usbd_ctl_status_send
 274      E7800000 
 275              	.LVL17:
 276              	.L21:
 149:./../../firmware/debugger/lib/usbcdc/src/usbd_transc.c ****         } else {
 150:./../../firmware/debugger/lib/usbcdc/src/usbd_transc.c ****             if (req.bmRequestType & 0x80) {
 151:./../../firmware/debugger/lib/usbcdc/src/usbd_transc.c ****                 usbd_ctl_send (udev);
 152:./../../firmware/debugger/lib/usbcdc/src/usbd_transc.c ****             } else {
 153:./../../firmware/debugger/lib/usbcdc/src/usbd_transc.c ****                 usbd_ctl_recev (udev);
 154:./../../firmware/debugger/lib/usbcdc/src/usbd_transc.c ****             }
 155:./../../firmware/debugger/lib/usbcdc/src/usbd_transc.c ****         }
 156:./../../firmware/debugger/lib/usbcdc/src/usbd_transc.c ****     } else {
 157:./../../firmware/debugger/lib/usbcdc/src/usbd_transc.c ****         usbd_enum_error (udev, &req);
 158:./../../firmware/debugger/lib/usbcdc/src/usbd_transc.c ****     }
 159:./../../firmware/debugger/lib/usbcdc/src/usbd_transc.c **** 
 160:./../../firmware/debugger/lib/usbcdc/src/usbd_transc.c ****     return USBD_OK;
 277              		.loc 1 160 5
 161:./../../firmware/debugger/lib/usbcdc/src/usbd_transc.c **** }
 278              		.loc 1 161 1 is_stmt 0
 279 0046 F240     		lw	ra,28(sp)
 280              		.cfi_remember_state
 281              		.cfi_restore 1
GAS LISTING C:\Users\hugo\AppData\Local\Temp\ccrWIzdP.s 			page 9


 282 0048 6244     		lw	s0,24(sp)
 283              		.cfi_restore 8
 284              	.LVL18:
 285 004a 0145     		li	a0,0
 286 004c 0561     		addi	sp,sp,32
 287              	.LCFI9:
 288              		.cfi_def_cfa_offset 0
 289 004e 8280     		jr	ra
 290              	.LVL19:
 291              	.L16:
 292              	.LCFI10:
 293              		.cfi_restore_state
 134:./../../firmware/debugger/lib/usbcdc/src/usbd_transc.c ****         break;
 294              		.loc 1 134 9 is_stmt 1
 134:./../../firmware/debugger/lib/usbcdc/src/usbd_transc.c ****         break;
 295              		.loc 1 134 19 is_stmt 0
 296 0050 2C00     		addi	a1,sp,8
 297 0052 97000000 		call	usbd_class_request
 297      E7800000 
 298              	.LVL20:
 135:./../../firmware/debugger/lib/usbcdc/src/usbd_transc.c **** 
 299              		.loc 1 135 9 is_stmt 1
 300 005a E9BF     		j	.L19
 301              	.LVL21:
 302              	.L17:
 139:./../../firmware/debugger/lib/usbcdc/src/usbd_transc.c ****         break;
 303              		.loc 1 139 9
 139:./../../firmware/debugger/lib/usbcdc/src/usbd_transc.c ****         break;
 304              		.loc 1 139 19 is_stmt 0
 305 005c 2C00     		addi	a1,sp,8
 306 005e 97000000 		call	usbd_vendor_request
 306      E7800000 
 307              	.LVL22:
 140:./../../firmware/debugger/lib/usbcdc/src/usbd_transc.c **** 
 308              		.loc 1 140 9 is_stmt 1
 309 0066 F9B7     		j	.L19
 310              	.L20:
 150:./../../firmware/debugger/lib/usbcdc/src/usbd_transc.c ****                 usbd_ctl_send (udev);
 311              		.loc 1 150 13
 150:./../../firmware/debugger/lib/usbcdc/src/usbd_transc.c ****                 usbd_ctl_send (udev);
 312              		.loc 1 150 16 is_stmt 0
 313 0068 83078100 		lb	a5,8(sp)
 151:./../../firmware/debugger/lib/usbcdc/src/usbd_transc.c ****             } else {
 314              		.loc 1 151 17
 315 006c 2285     		mv	a0,s0
 316              	.LVL23:
 150:./../../firmware/debugger/lib/usbcdc/src/usbd_transc.c ****                 usbd_ctl_send (udev);
 317              		.loc 1 150 16
 318 006e 63D70700 		bge	a5,zero,.L22
 151:./../../firmware/debugger/lib/usbcdc/src/usbd_transc.c ****             } else {
 319              		.loc 1 151 17 is_stmt 1
 320 0072 97000000 		call	usbd_ctl_send
 320      E7800000 
 321              	.LVL24:
 322 007a F1B7     		j	.L21
 323              	.L22:
 153:./../../firmware/debugger/lib/usbcdc/src/usbd_transc.c ****             }
GAS LISTING C:\Users\hugo\AppData\Local\Temp\ccrWIzdP.s 			page 10


 324              		.loc 1 153 17
 325 007c 97000000 		call	usbd_ctl_recev
 325      E7800000 
 326              	.LVL25:
 327 0084 C9B7     		j	.L21
 328              	.L18:
 157:./../../firmware/debugger/lib/usbcdc/src/usbd_transc.c ****     }
 329              		.loc 1 157 9
 330 0086 2C00     		addi	a1,sp,8
 331 0088 2285     		mv	a0,s0
 332 008a 97000000 		call	usbd_enum_error
 332      E7800000 
 333              	.LVL26:
 334 0092 55BF     		j	.L21
 335              		.cfi_endproc
 336              	.LFE7:
 338              		.section	.text.usbd_out_transc,"ax",@progbits
 339              		.align	1
 340              		.globl	usbd_out_transc
 342              	usbd_out_transc:
 343              	.LFB8:
 162:./../../firmware/debugger/lib/usbcdc/src/usbd_transc.c **** 
 163:./../../firmware/debugger/lib/usbcdc/src/usbd_transc.c **** /*!
 164:./../../firmware/debugger/lib/usbcdc/src/usbd_transc.c ****     \brief      data out stage processing
 165:./../../firmware/debugger/lib/usbcdc/src/usbd_transc.c ****     \param[in]  udev: pointer to USB device instance
 166:./../../firmware/debugger/lib/usbcdc/src/usbd_transc.c ****     \param[in]  ep_num: endpoint identifier(0..7)
 167:./../../firmware/debugger/lib/usbcdc/src/usbd_transc.c ****     \param[out] none
 168:./../../firmware/debugger/lib/usbcdc/src/usbd_transc.c ****     \retval     USB device operation cur_status
 169:./../../firmware/debugger/lib/usbcdc/src/usbd_transc.c **** */
 170:./../../firmware/debugger/lib/usbcdc/src/usbd_transc.c **** uint8_t usbd_out_transc (usb_core_driver *udev, uint8_t ep_num)
 171:./../../firmware/debugger/lib/usbcdc/src/usbd_transc.c **** {
 344              		.loc 1 171 1
 345              		.cfi_startproc
 346              	.LVL27:
 347 0000 7971     		addi	sp,sp,-48
 348              	.LCFI11:
 349              		.cfi_def_cfa_offset 48
 350 0002 06D6     		sw	ra,44(sp)
 351 0004 22D4     		sw	s0,40(sp)
 352              		.cfi_offset 1, -4
 353              		.cfi_offset 8, -8
 354 0006 0018     		addi	s0,sp,48
 355              	.LCFI12:
 356              		.cfi_def_cfa 8, 0
 357 0008 232EA4FC 		sw	a0,-36(s0)
 358 000c AE87     		mv	a5,a1
 359 000e A30DF4FC 		sb	a5,-37(s0)
 172:./../../firmware/debugger/lib/usbcdc/src/usbd_transc.c ****     if (ep_num == 0) {
 360              		.loc 1 172 5
 361              		.loc 1 172 8 is_stmt 0
 362 0012 8347B4FD 		lbu	a5,-37(s0)
 363 0016 C1EB     		bne	a5,zero,.L25
 364              	.LBB2:
 173:./../../firmware/debugger/lib/usbcdc/src/usbd_transc.c ****         usb_transc *transc = &udev->dev.transc_out[0];
 365              		.loc 1 173 9 is_stmt 1
 366              		.loc 1 173 21 is_stmt 0
 367 0018 8327C4FD 		lw	a5,-36(s0)
GAS LISTING C:\Users\hugo\AppData\Local\Temp\ccrWIzdP.s 			page 11


 368 001c 9387C726 		addi	a5,a5,620
 369 0020 2326F4FE 		sw	a5,-20(s0)
 370              	.LVL28:
 174:./../../firmware/debugger/lib/usbcdc/src/usbd_transc.c **** 
 175:./../../firmware/debugger/lib/usbcdc/src/usbd_transc.c ****         switch (udev->dev.control.ctl_state) {
 371              		.loc 1 175 9 is_stmt 1
 372              		.loc 1 175 34 is_stmt 0
 373 0024 8327C4FD 		lw	a5,-36(s0)
 374              	.LVL29:
 375 0028 83C7C742 		lbu	a5,1068(a5)
 376              		.loc 1 175 9
 377 002c 0D47     		li	a4,3
 378 002e 6386E700 		beq	a5,a4,.L26
 379 0032 1147     		li	a4,4
 380 0034 6386E702 		beq	a5,a4,.L27
 176:./../../firmware/debugger/lib/usbcdc/src/usbd_transc.c ****         case USB_CTL_DATA_OUT:
 177:./../../firmware/debugger/lib/usbcdc/src/usbd_transc.c ****             /* update transfer length */
 178:./../../firmware/debugger/lib/usbcdc/src/usbd_transc.c ****             transc->remain_len -= transc->max_len;
 179:./../../firmware/debugger/lib/usbcdc/src/usbd_transc.c **** 
 180:./../../firmware/debugger/lib/usbcdc/src/usbd_transc.c ****             usbd_ctl_recev (udev);
 181:./../../firmware/debugger/lib/usbcdc/src/usbd_transc.c ****             break;
 182:./../../firmware/debugger/lib/usbcdc/src/usbd_transc.c **** 
 183:./../../firmware/debugger/lib/usbcdc/src/usbd_transc.c ****         case USB_CTL_LAST_DATA_OUT:
 184:./../../firmware/debugger/lib/usbcdc/src/usbd_transc.c ****             if (udev->dev.cur_status == USBD_CONFIGURED) {
 185:./../../firmware/debugger/lib/usbcdc/src/usbd_transc.c ****                 if (udev->dev.class_core->data_out != NULL) {
 186:./../../firmware/debugger/lib/usbcdc/src/usbd_transc.c ****                     udev->dev.class_core->data_out (udev, 0U);
 187:./../../firmware/debugger/lib/usbcdc/src/usbd_transc.c ****                 }
 188:./../../firmware/debugger/lib/usbcdc/src/usbd_transc.c ****             }
 189:./../../firmware/debugger/lib/usbcdc/src/usbd_transc.c **** 
 190:./../../firmware/debugger/lib/usbcdc/src/usbd_transc.c ****             transc->remain_len = 0U;
 191:./../../firmware/debugger/lib/usbcdc/src/usbd_transc.c **** 
 192:./../../firmware/debugger/lib/usbcdc/src/usbd_transc.c ****             usbd_ctl_status_send (udev);
 193:./../../firmware/debugger/lib/usbcdc/src/usbd_transc.c ****             break;
 194:./../../firmware/debugger/lib/usbcdc/src/usbd_transc.c **** 
 195:./../../firmware/debugger/lib/usbcdc/src/usbd_transc.c ****         default:
 196:./../../firmware/debugger/lib/usbcdc/src/usbd_transc.c ****             break;
 381              		.loc 1 196 13
 382 0038 4DA0     		j	.L31
 383              	.L26:
 178:./../../firmware/debugger/lib/usbcdc/src/usbd_transc.c **** 
 384              		.loc 1 178 13 is_stmt 1
 178:./../../firmware/debugger/lib/usbcdc/src/usbd_transc.c **** 
 385              		.loc 1 178 32 is_stmt 0
 386 003a 8327C4FE 		lw	a5,-20(s0)
 387 003e DC4B     		lw	a5,20(a5)
 178:./../../firmware/debugger/lib/usbcdc/src/usbd_transc.c **** 
 388              		.loc 1 178 41
 389 0040 0327C4FE 		lw	a4,-20(s0)
 390 0044 03574700 		lhu	a4,4(a4)
 178:./../../firmware/debugger/lib/usbcdc/src/usbd_transc.c **** 
 391              		.loc 1 178 32
 392 0048 3387E740 		sub	a4,a5,a4
 393 004c 8327C4FE 		lw	a5,-20(s0)
 394 0050 D8CB     		sw	a4,20(a5)
 180:./../../firmware/debugger/lib/usbcdc/src/usbd_transc.c ****             break;
 395              		.loc 1 180 13 is_stmt 1
 396 0052 0325C4FD 		lw	a0,-36(s0)
GAS LISTING C:\Users\hugo\AppData\Local\Temp\ccrWIzdP.s 			page 12


 397              	.LVL30:
 398 0056 97000000 		call	usbd_ctl_recev
 398      E7800000 
 399              	.LVL31:
 181:./../../firmware/debugger/lib/usbcdc/src/usbd_transc.c **** 
 400              		.loc 1 181 13
 401 005e B5A8     		j	.L31
 402              	.LVL32:
 403              	.L27:
 184:./../../firmware/debugger/lib/usbcdc/src/usbd_transc.c ****                 if (udev->dev.class_core->data_out != NULL) {
 404              		.loc 1 184 13
 184:./../../firmware/debugger/lib/usbcdc/src/usbd_transc.c ****                 if (udev->dev.class_core->data_out != NULL) {
 405              		.loc 1 184 26 is_stmt 0
 406 0060 8327C4FD 		lw	a5,-36(s0)
 407 0064 83C7670C 		lbu	a5,198(a5)
 408 0068 13F7F70F 		andi	a4,a5,0xff
 184:./../../firmware/debugger/lib/usbcdc/src/usbd_transc.c ****                 if (udev->dev.class_core->data_out != NULL) {
 409              		.loc 1 184 16
 410 006c 8D47     		li	a5,3
 411 006e 6311F702 		bne	a4,a5,.L30
 185:./../../firmware/debugger/lib/usbcdc/src/usbd_transc.c ****                     udev->dev.class_core->data_out (udev, 0U);
 412              		.loc 1 185 17 is_stmt 1
 185:./../../firmware/debugger/lib/usbcdc/src/usbd_transc.c ****                     udev->dev.class_core->data_out (udev, 0U);
 413              		.loc 1 185 30 is_stmt 0
 414 0072 8327C4FD 		lw	a5,-36(s0)
 415 0076 83A70743 		lw	a5,1072(a5)
 185:./../../firmware/debugger/lib/usbcdc/src/usbd_transc.c ****                     udev->dev.class_core->data_out (udev, 0U);
 416              		.loc 1 185 41
 417 007a DC4B     		lw	a5,20(a5)
 185:./../../firmware/debugger/lib/usbcdc/src/usbd_transc.c ****                     udev->dev.class_core->data_out (udev, 0U);
 418              		.loc 1 185 20
 419 007c 91CB     		beq	a5,zero,.L30
 186:./../../firmware/debugger/lib/usbcdc/src/usbd_transc.c ****                 }
 420              		.loc 1 186 21 is_stmt 1
 186:./../../firmware/debugger/lib/usbcdc/src/usbd_transc.c ****                 }
 421              		.loc 1 186 30 is_stmt 0
 422 007e 8327C4FD 		lw	a5,-36(s0)
 423 0082 83A70743 		lw	a5,1072(a5)
 186:./../../firmware/debugger/lib/usbcdc/src/usbd_transc.c ****                 }
 424              		.loc 1 186 41
 425 0086 DC4B     		lw	a5,20(a5)
 186:./../../firmware/debugger/lib/usbcdc/src/usbd_transc.c ****                 }
 426              		.loc 1 186 21
 427 0088 8145     		li	a1,0
 428              	.LVL33:
 429 008a 0325C4FD 		lw	a0,-36(s0)
 430              	.LVL34:
 431 008e 8297     		jalr	a5
 432              	.LVL35:
 433              	.L30:
 190:./../../firmware/debugger/lib/usbcdc/src/usbd_transc.c **** 
 434              		.loc 1 190 13 is_stmt 1
 190:./../../firmware/debugger/lib/usbcdc/src/usbd_transc.c **** 
 435              		.loc 1 190 32 is_stmt 0
 436 0090 8327C4FE 		lw	a5,-20(s0)
 437 0094 23AA0700 		sw	zero,20(a5)
 192:./../../firmware/debugger/lib/usbcdc/src/usbd_transc.c ****             break;
GAS LISTING C:\Users\hugo\AppData\Local\Temp\ccrWIzdP.s 			page 13


 438              		.loc 1 192 13 is_stmt 1
 439 0098 0325C4FD 		lw	a0,-36(s0)
 440 009c 97000000 		call	usbd_ctl_status_send
 440      E7800000 
 441              	.LVL36:
 193:./../../firmware/debugger/lib/usbcdc/src/usbd_transc.c **** 
 442              		.loc 1 193 13
 443 00a4 1DA8     		j	.L31
 444              	.LVL37:
 445              	.L25:
 446              	.LBE2:
 197:./../../firmware/debugger/lib/usbcdc/src/usbd_transc.c ****         }
 198:./../../firmware/debugger/lib/usbcdc/src/usbd_transc.c ****     } else if ((udev->dev.class_core->data_out != NULL) && (udev->dev.cur_status == USBD_CONFIGURED
 447              		.loc 1 198 12
 448              		.loc 1 198 26 is_stmt 0
 449 00a6 8327C4FD 		lw	a5,-36(s0)
 450 00aa 83A70743 		lw	a5,1072(a5)
 451              		.loc 1 198 37
 452 00ae DC4B     		lw	a5,20(a5)
 453              		.loc 1 198 15
 454 00b0 8DC7     		beq	a5,zero,.L31
 455              		.loc 1 198 70 discriminator 1
 456 00b2 8327C4FD 		lw	a5,-36(s0)
 457 00b6 83C7670C 		lbu	a5,198(a5)
 458 00ba 13F7F70F 		andi	a4,a5,0xff
 459              		.loc 1 198 57 discriminator 1
 460 00be 8D47     		li	a5,3
 461 00c0 631DF700 		bne	a4,a5,.L31
 199:./../../firmware/debugger/lib/usbcdc/src/usbd_transc.c ****         udev->dev.class_core->data_out (udev, ep_num);
 462              		.loc 1 199 9 is_stmt 1
 463              		.loc 1 199 18 is_stmt 0
 464 00c4 8327C4FD 		lw	a5,-36(s0)
 465 00c8 83A70743 		lw	a5,1072(a5)
 466              		.loc 1 199 29
 467 00cc D84B     		lw	a4,20(a5)
 468              		.loc 1 199 9
 469 00ce 8347B4FD 		lbu	a5,-37(s0)
 470 00d2 BE85     		mv	a1,a5
 471              	.LVL38:
 472 00d4 0325C4FD 		lw	a0,-36(s0)
 473              	.LVL39:
 474 00d8 0297     		jalr	a4
 475              	.LVL40:
 476              	.L31:
 200:./../../firmware/debugger/lib/usbcdc/src/usbd_transc.c ****     }
 201:./../../firmware/debugger/lib/usbcdc/src/usbd_transc.c **** 
 202:./../../firmware/debugger/lib/usbcdc/src/usbd_transc.c ****     return USBD_OK;
 477              		.loc 1 202 5 is_stmt 1
 478              		.loc 1 202 12 is_stmt 0
 479 00da 8147     		li	a5,0
 203:./../../firmware/debugger/lib/usbcdc/src/usbd_transc.c **** }
 480              		.loc 1 203 1
 481 00dc 3E85     		mv	a0,a5
 482 00de B250     		lw	ra,44(sp)
 483              		.cfi_restore 1
 484 00e0 2254     		lw	s0,40(sp)
 485              	.LCFI13:
GAS LISTING C:\Users\hugo\AppData\Local\Temp\ccrWIzdP.s 			page 14


 486              		.cfi_restore 8
 487              		.cfi_def_cfa 2, 48
 488              	.LVL41:
 489 00e2 4561     		addi	sp,sp,48
 490              	.LCFI14:
 491              		.cfi_def_cfa_offset 0
 492              	.LVL42:
 493 00e4 8280     		jr	ra
 494              		.cfi_endproc
 495              	.LFE8:
 497              		.section	.text.usbd_in_transc,"ax",@progbits
 498              		.align	1
 499              		.globl	usbd_in_transc
 501              	usbd_in_transc:
 502              	.LFB9:
 204:./../../firmware/debugger/lib/usbcdc/src/usbd_transc.c **** 
 205:./../../firmware/debugger/lib/usbcdc/src/usbd_transc.c **** /*!
 206:./../../firmware/debugger/lib/usbcdc/src/usbd_transc.c ****     \brief      data in stage processing
 207:./../../firmware/debugger/lib/usbcdc/src/usbd_transc.c ****     \param[in]  udev: pointer to USB device instance
 208:./../../firmware/debugger/lib/usbcdc/src/usbd_transc.c ****     \param[in]  ep_num: endpoint identifier(0..7)
 209:./../../firmware/debugger/lib/usbcdc/src/usbd_transc.c ****     \param[out] none
 210:./../../firmware/debugger/lib/usbcdc/src/usbd_transc.c ****     \retval     USB device operation cur_status
 211:./../../firmware/debugger/lib/usbcdc/src/usbd_transc.c **** */
 212:./../../firmware/debugger/lib/usbcdc/src/usbd_transc.c **** uint8_t usbd_in_transc (usb_core_driver *udev, uint8_t ep_num)
 213:./../../firmware/debugger/lib/usbcdc/src/usbd_transc.c **** {
 503              		.loc 1 213 1 is_stmt 1
 504              		.cfi_startproc
 505              	.LVL43:
 506 0000 7971     		addi	sp,sp,-48
 507              	.LCFI15:
 508              		.cfi_def_cfa_offset 48
 509 0002 06D6     		sw	ra,44(sp)
 510 0004 22D4     		sw	s0,40(sp)
 511              		.cfi_offset 1, -4
 512              		.cfi_offset 8, -8
 513 0006 0018     		addi	s0,sp,48
 514              	.LCFI16:
 515              		.cfi_def_cfa 8, 0
 516 0008 232EA4FC 		sw	a0,-36(s0)
 517 000c AE87     		mv	a5,a1
 518 000e A30DF4FC 		sb	a5,-37(s0)
 214:./../../firmware/debugger/lib/usbcdc/src/usbd_transc.c ****     if (0U == ep_num) {
 519              		.loc 1 214 5
 520              		.loc 1 214 8 is_stmt 0
 521 0012 8347B4FD 		lbu	a5,-37(s0)
 522 0016 DDEB     		bne	a5,zero,.L34
 523              	.LBB3:
 215:./../../firmware/debugger/lib/usbcdc/src/usbd_transc.c ****         usb_transc *transc = &udev->dev.transc_in[0];
 524              		.loc 1 215 9 is_stmt 1
 525              		.loc 1 215 21 is_stmt 0
 526 0018 8327C4FD 		lw	a5,-36(s0)
 527 001c 9387870C 		addi	a5,a5,200
 528 0020 2326F4FE 		sw	a5,-20(s0)
 529              	.LVL44:
 216:./../../firmware/debugger/lib/usbcdc/src/usbd_transc.c **** 
 217:./../../firmware/debugger/lib/usbcdc/src/usbd_transc.c ****         switch (udev->dev.control.ctl_state) {
 530              		.loc 1 217 9 is_stmt 1
GAS LISTING C:\Users\hugo\AppData\Local\Temp\ccrWIzdP.s 			page 15


 531              		.loc 1 217 34 is_stmt 0
 532 0024 8327C4FD 		lw	a5,-36(s0)
 533              	.LVL45:
 534 0028 83C7C742 		lbu	a5,1068(a5)
 535              		.loc 1 217 9
 536 002c 0547     		li	a4,1
 537 002e 6386E700 		beq	a5,a4,.L35
 538 0032 0947     		li	a4,2
 539 0034 6386E702 		beq	a5,a4,.L36
 218:./../../firmware/debugger/lib/usbcdc/src/usbd_transc.c ****         case USB_CTL_DATA_IN:
 219:./../../firmware/debugger/lib/usbcdc/src/usbd_transc.c ****             /* update transfer length */
 220:./../../firmware/debugger/lib/usbcdc/src/usbd_transc.c ****             transc->remain_len -= transc->max_len;
 221:./../../firmware/debugger/lib/usbcdc/src/usbd_transc.c **** 
 222:./../../firmware/debugger/lib/usbcdc/src/usbd_transc.c ****             usbd_ctl_send (udev);
 223:./../../firmware/debugger/lib/usbcdc/src/usbd_transc.c ****             break;
 224:./../../firmware/debugger/lib/usbcdc/src/usbd_transc.c **** 
 225:./../../firmware/debugger/lib/usbcdc/src/usbd_transc.c ****         case USB_CTL_LAST_DATA_IN:
 226:./../../firmware/debugger/lib/usbcdc/src/usbd_transc.c ****             /* last packet is MPS multiple, so send ZLP packet */
 227:./../../firmware/debugger/lib/usbcdc/src/usbd_transc.c ****             if (udev->dev.control.ctl_zlp) {
 228:./../../firmware/debugger/lib/usbcdc/src/usbd_transc.c ****                 usbd_ep_send (udev, 0U, NULL, 0U);
 229:./../../firmware/debugger/lib/usbcdc/src/usbd_transc.c **** 
 230:./../../firmware/debugger/lib/usbcdc/src/usbd_transc.c ****                 udev->dev.control.ctl_zlp = 0U;
 231:./../../firmware/debugger/lib/usbcdc/src/usbd_transc.c ****             } else {
 232:./../../firmware/debugger/lib/usbcdc/src/usbd_transc.c ****                 if (udev->dev.cur_status == USBD_CONFIGURED) {
 233:./../../firmware/debugger/lib/usbcdc/src/usbd_transc.c ****                     if (udev->dev.class_core->data_in != NULL) {
 234:./../../firmware/debugger/lib/usbcdc/src/usbd_transc.c ****                         udev->dev.class_core->data_in (udev, 0U);
 235:./../../firmware/debugger/lib/usbcdc/src/usbd_transc.c ****                     }
 236:./../../firmware/debugger/lib/usbcdc/src/usbd_transc.c ****                 }
 237:./../../firmware/debugger/lib/usbcdc/src/usbd_transc.c **** 
 238:./../../firmware/debugger/lib/usbcdc/src/usbd_transc.c ****                 transc->remain_len = 0U;
 239:./../../firmware/debugger/lib/usbcdc/src/usbd_transc.c **** 
 240:./../../firmware/debugger/lib/usbcdc/src/usbd_transc.c ****                 usbd_ctl_status_recev (udev);
 241:./../../firmware/debugger/lib/usbcdc/src/usbd_transc.c ****             }
 242:./../../firmware/debugger/lib/usbcdc/src/usbd_transc.c ****             break;
 243:./../../firmware/debugger/lib/usbcdc/src/usbd_transc.c **** 
 244:./../../firmware/debugger/lib/usbcdc/src/usbd_transc.c ****         default:
 245:./../../firmware/debugger/lib/usbcdc/src/usbd_transc.c ****             break;
 540              		.loc 1 245 13
 541 0038 E1A0     		j	.L42
 542              	.L35:
 220:./../../firmware/debugger/lib/usbcdc/src/usbd_transc.c **** 
 543              		.loc 1 220 13 is_stmt 1
 220:./../../firmware/debugger/lib/usbcdc/src/usbd_transc.c **** 
 544              		.loc 1 220 32 is_stmt 0
 545 003a 8327C4FE 		lw	a5,-20(s0)
 546 003e DC4B     		lw	a5,20(a5)
 220:./../../firmware/debugger/lib/usbcdc/src/usbd_transc.c **** 
 547              		.loc 1 220 41
 548 0040 0327C4FE 		lw	a4,-20(s0)
 549 0044 03574700 		lhu	a4,4(a4)
 220:./../../firmware/debugger/lib/usbcdc/src/usbd_transc.c **** 
 550              		.loc 1 220 32
 551 0048 3387E740 		sub	a4,a5,a4
 552 004c 8327C4FE 		lw	a5,-20(s0)
 553 0050 D8CB     		sw	a4,20(a5)
 222:./../../firmware/debugger/lib/usbcdc/src/usbd_transc.c ****             break;
 554              		.loc 1 222 13 is_stmt 1
GAS LISTING C:\Users\hugo\AppData\Local\Temp\ccrWIzdP.s 			page 16


 555 0052 0325C4FD 		lw	a0,-36(s0)
 556              	.LVL46:
 557 0056 97000000 		call	usbd_ctl_send
 557      E7800000 
 558              	.LVL47:
 223:./../../firmware/debugger/lib/usbcdc/src/usbd_transc.c **** 
 559              		.loc 1 223 13
 560 005e 4DA0     		j	.L42
 561              	.LVL48:
 562              	.L36:
 227:./../../firmware/debugger/lib/usbcdc/src/usbd_transc.c ****                 usbd_ep_send (udev, 0U, NULL, 0U);
 563              		.loc 1 227 13
 227:./../../firmware/debugger/lib/usbcdc/src/usbd_transc.c ****                 usbd_ep_send (udev, 0U, NULL, 0U);
 564              		.loc 1 227 34 is_stmt 0
 565 0060 8327C4FD 		lw	a5,-36(s0)
 566 0064 83C7D742 		lbu	a5,1069(a5)
 227:./../../firmware/debugger/lib/usbcdc/src/usbd_transc.c ****                 usbd_ep_send (udev, 0U, NULL, 0U);
 567              		.loc 1 227 16
 568 0068 99CF     		beq	a5,zero,.L39
 228:./../../firmware/debugger/lib/usbcdc/src/usbd_transc.c **** 
 569              		.loc 1 228 17 is_stmt 1
 570 006a 8146     		li	a3,0
 571 006c 0146     		li	a2,0
 572 006e 8145     		li	a1,0
 573              	.LVL49:
 574 0070 0325C4FD 		lw	a0,-36(s0)
 575              	.LVL50:
 576 0074 97000000 		call	usbd_ep_send
 576      E7800000 
 577              	.LVL51:
 230:./../../firmware/debugger/lib/usbcdc/src/usbd_transc.c ****             } else {
 578              		.loc 1 230 17
 230:./../../firmware/debugger/lib/usbcdc/src/usbd_transc.c ****             } else {
 579              		.loc 1 230 43 is_stmt 0
 580 007c 8327C4FD 		lw	a5,-36(s0)
 581 0080 A3860742 		sb	zero,1069(a5)
 242:./../../firmware/debugger/lib/usbcdc/src/usbd_transc.c **** 
 582              		.loc 1 242 13
 583 0084 B5A8     		j	.L42
 584              	.LVL52:
 585              	.L39:
 232:./../../firmware/debugger/lib/usbcdc/src/usbd_transc.c ****                     if (udev->dev.class_core->data_in != NULL) {
 586              		.loc 1 232 17 is_stmt 1
 232:./../../firmware/debugger/lib/usbcdc/src/usbd_transc.c ****                     if (udev->dev.class_core->data_in != NULL) {
 587              		.loc 1 232 30 is_stmt 0
 588 0086 8327C4FD 		lw	a5,-36(s0)
 589 008a 83C7670C 		lbu	a5,198(a5)
 590 008e 13F7F70F 		andi	a4,a5,0xff
 232:./../../firmware/debugger/lib/usbcdc/src/usbd_transc.c ****                     if (udev->dev.class_core->data_in != NULL) {
 591              		.loc 1 232 20
 592 0092 8D47     		li	a5,3
 593 0094 6311F702 		bne	a4,a5,.L41
 233:./../../firmware/debugger/lib/usbcdc/src/usbd_transc.c ****                         udev->dev.class_core->data_in (udev, 0U);
 594              		.loc 1 233 21 is_stmt 1
 233:./../../firmware/debugger/lib/usbcdc/src/usbd_transc.c ****                         udev->dev.class_core->data_in (udev, 0U);
 595              		.loc 1 233 34 is_stmt 0
 596 0098 8327C4FD 		lw	a5,-36(s0)
GAS LISTING C:\Users\hugo\AppData\Local\Temp\ccrWIzdP.s 			page 17


 597 009c 83A70743 		lw	a5,1072(a5)
 233:./../../firmware/debugger/lib/usbcdc/src/usbd_transc.c ****                         udev->dev.class_core->data_in (udev, 0U);
 598              		.loc 1 233 45
 599 00a0 9C4B     		lw	a5,16(a5)
 233:./../../firmware/debugger/lib/usbcdc/src/usbd_transc.c ****                         udev->dev.class_core->data_in (udev, 0U);
 600              		.loc 1 233 24
 601 00a2 91CB     		beq	a5,zero,.L41
 234:./../../firmware/debugger/lib/usbcdc/src/usbd_transc.c ****                     }
 602              		.loc 1 234 25 is_stmt 1
 234:./../../firmware/debugger/lib/usbcdc/src/usbd_transc.c ****                     }
 603              		.loc 1 234 34 is_stmt 0
 604 00a4 8327C4FD 		lw	a5,-36(s0)
 605 00a8 83A70743 		lw	a5,1072(a5)
 234:./../../firmware/debugger/lib/usbcdc/src/usbd_transc.c ****                     }
 606              		.loc 1 234 45
 607 00ac 9C4B     		lw	a5,16(a5)
 234:./../../firmware/debugger/lib/usbcdc/src/usbd_transc.c ****                     }
 608              		.loc 1 234 25
 609 00ae 8145     		li	a1,0
 610              	.LVL53:
 611 00b0 0325C4FD 		lw	a0,-36(s0)
 612              	.LVL54:
 613 00b4 8297     		jalr	a5
 614              	.LVL55:
 615              	.L41:
 238:./../../firmware/debugger/lib/usbcdc/src/usbd_transc.c **** 
 616              		.loc 1 238 17 is_stmt 1
 238:./../../firmware/debugger/lib/usbcdc/src/usbd_transc.c **** 
 617              		.loc 1 238 36 is_stmt 0
 618 00b6 8327C4FE 		lw	a5,-20(s0)
 619 00ba 23AA0700 		sw	zero,20(a5)
 240:./../../firmware/debugger/lib/usbcdc/src/usbd_transc.c ****             }
 620              		.loc 1 240 17 is_stmt 1
 621 00be 0325C4FD 		lw	a0,-36(s0)
 622 00c2 97000000 		call	usbd_ctl_status_recev
 622      E7800000 
 623              	.LVL56:
 242:./../../firmware/debugger/lib/usbcdc/src/usbd_transc.c **** 
 624              		.loc 1 242 13
 625 00ca 1DA8     		j	.L42
 626              	.LVL57:
 627              	.L34:
 628              	.LBE3:
 246:./../../firmware/debugger/lib/usbcdc/src/usbd_transc.c ****         }
 247:./../../firmware/debugger/lib/usbcdc/src/usbd_transc.c ****     } else {
 248:./../../firmware/debugger/lib/usbcdc/src/usbd_transc.c ****         if ((udev->dev.cur_status == USBD_CONFIGURED) && (udev->dev.class_core->data_in != NULL)) {
 629              		.loc 1 248 9
 630              		.loc 1 248 23 is_stmt 0
 631 00cc 8327C4FD 		lw	a5,-36(s0)
 632 00d0 83C7670C 		lbu	a5,198(a5)
 633 00d4 13F7F70F 		andi	a4,a5,0xff
 634              		.loc 1 248 12
 635 00d8 8D47     		li	a5,3
 636 00da 6313F702 		bne	a4,a5,.L42
 637              		.loc 1 248 68 discriminator 1
 638 00de 8327C4FD 		lw	a5,-36(s0)
 639 00e2 83A70743 		lw	a5,1072(a5)
GAS LISTING C:\Users\hugo\AppData\Local\Temp\ccrWIzdP.s 			page 18


 640              		.loc 1 248 79 discriminator 1
 641 00e6 9C4B     		lw	a5,16(a5)
 642              		.loc 1 248 55 discriminator 1
 643 00e8 81CF     		beq	a5,zero,.L42
 249:./../../firmware/debugger/lib/usbcdc/src/usbd_transc.c ****             udev->dev.class_core->data_in (udev, ep_num);
 644              		.loc 1 249 13 is_stmt 1
 645              		.loc 1 249 22 is_stmt 0
 646 00ea 8327C4FD 		lw	a5,-36(s0)
 647 00ee 83A70743 		lw	a5,1072(a5)
 648              		.loc 1 249 33
 649 00f2 984B     		lw	a4,16(a5)
 650              		.loc 1 249 13
 651 00f4 8347B4FD 		lbu	a5,-37(s0)
 652 00f8 BE85     		mv	a1,a5
 653              	.LVL58:
 654 00fa 0325C4FD 		lw	a0,-36(s0)
 655              	.LVL59:
 656 00fe 0297     		jalr	a4
 657              	.LVL60:
 658              	.L42:
 250:./../../firmware/debugger/lib/usbcdc/src/usbd_transc.c ****         }
 251:./../../firmware/debugger/lib/usbcdc/src/usbd_transc.c ****     }
 252:./../../firmware/debugger/lib/usbcdc/src/usbd_transc.c **** 
 253:./../../firmware/debugger/lib/usbcdc/src/usbd_transc.c ****     return USBD_OK;
 659              		.loc 1 253 5 is_stmt 1
 660              		.loc 1 253 12 is_stmt 0
 661 0100 8147     		li	a5,0
 254:./../../firmware/debugger/lib/usbcdc/src/usbd_transc.c **** }
 662              		.loc 1 254 1
 663 0102 3E85     		mv	a0,a5
 664 0104 B250     		lw	ra,44(sp)
 665              		.cfi_restore 1
 666 0106 2254     		lw	s0,40(sp)
 667              	.LCFI17:
 668              		.cfi_restore 8
 669              		.cfi_def_cfa 2, 48
 670              	.LVL61:
 671 0108 4561     		addi	sp,sp,48
 672              	.LCFI18:
 673              		.cfi_def_cfa_offset 0
 674              	.LVL62:
 675 010a 8280     		jr	ra
 676              		.cfi_endproc
 677              	.LFE9:
 679              		.text
 680              	.Letext0:
 681              		.file 2 "c:\\users\\hugo\\kth\\mikrodatorteknik\\toolchain-gd32v-v202-win\\compiler\\riscv64-unkno
 682              		.file 3 "c:\\users\\hugo\\kth\\mikrodatorteknik\\toolchain-gd32v-v202-win\\compiler\\riscv64-unkno
 683              		.file 4 "./../../firmware/debugger/lib/usbcdc/include/drv_usb_regs.h"
 684              		.file 5 "./../../firmware/GD32VF103_standard_peripheral/system_gd32vf103.h"
 685              		.file 6 "./../../firmware/debugger/lib/usbcdc/include/usb_ch9_std.h"
 686              		.file 7 "./../../firmware/debugger/lib/usbcdc/include/drv_usb_core.h"
 687              		.file 8 "./../../firmware/debugger/lib/usbcdc/include/drv_usb_dev.h"
 688              		.file 9 "./../../firmware/debugger/lib/usbcdc/include/usbd_core.h"
 689              		.file 10 "c:\\users\\hugo\\kth\\mikrodatorteknik\\toolchain-gd32v-v202-win\\compiler\\lib\\gcc\\ri
 690              		.file 11 "c:\\users\\hugo\\kth\\mikrodatorteknik\\toolchain-gd32v-v202-win\\compiler\\riscv64-unkn
 691              		.file 12 "c:\\users\\hugo\\kth\\mikrodatorteknik\\toolchain-gd32v-v202-win\\compiler\\riscv64-unkn
GAS LISTING C:\Users\hugo\AppData\Local\Temp\ccrWIzdP.s 			page 19


 692              		.file 13 "c:\\users\\hugo\\kth\\mikrodatorteknik\\toolchain-gd32v-v202-win\\compiler\\riscv64-unkn
 693              		.file 14 "./../../firmware/debugger/lib/usbcdc/include/usbd_enum.h"
GAS LISTING C:\Users\hugo\AppData\Local\Temp\ccrWIzdP.s 			page 20


DEFINED SYMBOLS
                            *ABS*:0000000000000000 usbd_transc.c
C:\Users\hugo\AppData\Local\Temp\ccrWIzdP.s:13     .text.usbd_ctl_send:0000000000000000 usbd_ctl_send
C:\Users\hugo\AppData\Local\Temp\ccrWIzdP.s:17     .text.usbd_ctl_send:0000000000000000 .L0 
C:\Users\hugo\AppData\Local\Temp\ccrWIzdP.s:19     .text.usbd_ctl_send:0000000000000000 .L0 
C:\Users\hugo\AppData\Local\Temp\ccrWIzdP.s:20     .text.usbd_ctl_send:0000000000000000 .L0 
C:\Users\hugo\AppData\Local\Temp\ccrWIzdP.s:21     .text.usbd_ctl_send:0000000000000000 .L0 
C:\Users\hugo\AppData\Local\Temp\ccrWIzdP.s:24     .text.usbd_ctl_send:0000000000000008 .L0 
C:\Users\hugo\AppData\Local\Temp\ccrWIzdP.s:26     .text.usbd_ctl_send:000000000000000a .L0 
C:\Users\hugo\AppData\Local\Temp\ccrWIzdP.s:28     .text.usbd_ctl_send:000000000000000a .L0 
C:\Users\hugo\AppData\Local\Temp\ccrWIzdP.s:30     .text.usbd_ctl_send:000000000000000c .L0 
C:\Users\hugo\AppData\Local\Temp\ccrWIzdP.s:32     .text.usbd_ctl_send:0000000000000010 .L0 
C:\Users\hugo\AppData\Local\Temp\ccrWIzdP.s:33     .text.usbd_ctl_send:0000000000000010 .L0 
C:\Users\hugo\AppData\Local\Temp\ccrWIzdP.s:35     .text.usbd_ctl_send:0000000000000010 .L0 
C:\Users\hugo\AppData\Local\Temp\ccrWIzdP.s:37     .text.usbd_ctl_send:0000000000000012 .L0 
C:\Users\hugo\AppData\Local\Temp\ccrWIzdP.s:40     .text.usbd_ctl_send:000000000000001a .L0 
C:\Users\hugo\AppData\Local\Temp\ccrWIzdP.s:41     .text.usbd_ctl_send:000000000000001a .L0 
C:\Users\hugo\AppData\Local\Temp\ccrWIzdP.s:43     .text.usbd_ctl_send:000000000000001e .L0 
C:\Users\hugo\AppData\Local\Temp\ccrWIzdP.s:45     .text.usbd_ctl_send:0000000000000022 .L0 
C:\Users\hugo\AppData\Local\Temp\ccrWIzdP.s:47     .text.usbd_ctl_send:0000000000000024 .L0 
C:\Users\hugo\AppData\Local\Temp\ccrWIzdP.s:52     .text.usbd_ctl_send:000000000000002e .L0 
C:\Users\hugo\AppData\Local\Temp\ccrWIzdP.s:53     .text.usbd_ctl_send:000000000000002e .L0 
C:\Users\hugo\AppData\Local\Temp\ccrWIzdP.s:54     .text.usbd_ctl_send:0000000000000030 .L0 
C:\Users\hugo\AppData\Local\Temp\ccrWIzdP.s:56     .text.usbd_ctl_send:0000000000000032 .L0 
C:\Users\hugo\AppData\Local\Temp\ccrWIzdP.s:61     .text.usbd_ctl_send:0000000000000036 .L0 
C:\Users\hugo\AppData\Local\Temp\ccrWIzdP.s:63     .text.usbd_ctl_send:0000000000000038 .L0 
C:\Users\hugo\AppData\Local\Temp\ccrWIzdP.s:70     .text.usbd_ctl_recev:0000000000000000 usbd_ctl_recev
C:\Users\hugo\AppData\Local\Temp\ccrWIzdP.s:73     .text.usbd_ctl_recev:0000000000000000 .L0 
C:\Users\hugo\AppData\Local\Temp\ccrWIzdP.s:75     .text.usbd_ctl_recev:0000000000000000 .L0 
C:\Users\hugo\AppData\Local\Temp\ccrWIzdP.s:76     .text.usbd_ctl_recev:0000000000000000 .L0 
C:\Users\hugo\AppData\Local\Temp\ccrWIzdP.s:77     .text.usbd_ctl_recev:0000000000000000 .L0 
C:\Users\hugo\AppData\Local\Temp\ccrWIzdP.s:80     .text.usbd_ctl_recev:0000000000000008 .L0 
C:\Users\hugo\AppData\Local\Temp\ccrWIzdP.s:82     .text.usbd_ctl_recev:000000000000000a .L0 
C:\Users\hugo\AppData\Local\Temp\ccrWIzdP.s:84     .text.usbd_ctl_recev:000000000000000a .L0 
C:\Users\hugo\AppData\Local\Temp\ccrWIzdP.s:86     .text.usbd_ctl_recev:000000000000000c .L0 
C:\Users\hugo\AppData\Local\Temp\ccrWIzdP.s:88     .text.usbd_ctl_recev:0000000000000010 .L0 
C:\Users\hugo\AppData\Local\Temp\ccrWIzdP.s:89     .text.usbd_ctl_recev:0000000000000010 .L0 
C:\Users\hugo\AppData\Local\Temp\ccrWIzdP.s:91     .text.usbd_ctl_recev:0000000000000010 .L0 
C:\Users\hugo\AppData\Local\Temp\ccrWIzdP.s:93     .text.usbd_ctl_recev:0000000000000012 .L0 
C:\Users\hugo\AppData\Local\Temp\ccrWIzdP.s:96     .text.usbd_ctl_recev:000000000000001a .L0 
C:\Users\hugo\AppData\Local\Temp\ccrWIzdP.s:97     .text.usbd_ctl_recev:000000000000001a .L0 
C:\Users\hugo\AppData\Local\Temp\ccrWIzdP.s:99     .text.usbd_ctl_recev:000000000000001e .L0 
C:\Users\hugo\AppData\Local\Temp\ccrWIzdP.s:101    .text.usbd_ctl_recev:0000000000000022 .L0 
C:\Users\hugo\AppData\Local\Temp\ccrWIzdP.s:103    .text.usbd_ctl_recev:0000000000000024 .L0 
C:\Users\hugo\AppData\Local\Temp\ccrWIzdP.s:108    .text.usbd_ctl_recev:000000000000002e .L0 
C:\Users\hugo\AppData\Local\Temp\ccrWIzdP.s:109    .text.usbd_ctl_recev:000000000000002e .L0 
C:\Users\hugo\AppData\Local\Temp\ccrWIzdP.s:110    .text.usbd_ctl_recev:0000000000000030 .L0 
C:\Users\hugo\AppData\Local\Temp\ccrWIzdP.s:112    .text.usbd_ctl_recev:0000000000000032 .L0 
C:\Users\hugo\AppData\Local\Temp\ccrWIzdP.s:117    .text.usbd_ctl_recev:0000000000000036 .L0 
C:\Users\hugo\AppData\Local\Temp\ccrWIzdP.s:119    .text.usbd_ctl_recev:0000000000000038 .L0 
C:\Users\hugo\AppData\Local\Temp\ccrWIzdP.s:126    .text.usbd_ctl_status_send:0000000000000000 usbd_ctl_status_send
C:\Users\hugo\AppData\Local\Temp\ccrWIzdP.s:129    .text.usbd_ctl_status_send:0000000000000000 .L0 
C:\Users\hugo\AppData\Local\Temp\ccrWIzdP.s:131    .text.usbd_ctl_status_send:0000000000000000 .L0 
C:\Users\hugo\AppData\Local\Temp\ccrWIzdP.s:132    .text.usbd_ctl_status_send:0000000000000000 .L0 
C:\Users\hugo\AppData\Local\Temp\ccrWIzdP.s:133    .text.usbd_ctl_status_send:0000000000000000 .L0 
C:\Users\hugo\AppData\Local\Temp\ccrWIzdP.s:135    .text.usbd_ctl_status_send:0000000000000002 .L0 
C:\Users\hugo\AppData\Local\Temp\ccrWIzdP.s:138    .text.usbd_ctl_status_send:0000000000000006 .L0 
GAS LISTING C:\Users\hugo\AppData\Local\Temp\ccrWIzdP.s 			page 21


C:\Users\hugo\AppData\Local\Temp\ccrWIzdP.s:139    .text.usbd_ctl_status_send:0000000000000006 .L0 
C:\Users\hugo\AppData\Local\Temp\ccrWIzdP.s:141    .text.usbd_ctl_status_send:0000000000000006 .L0 
C:\Users\hugo\AppData\Local\Temp\ccrWIzdP.s:144    .text.usbd_ctl_status_send:000000000000000c .L0 
C:\Users\hugo\AppData\Local\Temp\ccrWIzdP.s:148    .text.usbd_ctl_status_send:0000000000000012 .L0 
C:\Users\hugo\AppData\Local\Temp\ccrWIzdP.s:150    .text.usbd_ctl_status_send:0000000000000014 .L0 
C:\Users\hugo\AppData\Local\Temp\ccrWIzdP.s:153    .text.usbd_ctl_status_send:000000000000001c .L0 
C:\Users\hugo\AppData\Local\Temp\ccrWIzdP.s:157    .text.usbd_ctl_status_send:0000000000000026 .L0 
C:\Users\hugo\AppData\Local\Temp\ccrWIzdP.s:158    .text.usbd_ctl_status_send:0000000000000026 .L0 
C:\Users\hugo\AppData\Local\Temp\ccrWIzdP.s:159    .text.usbd_ctl_status_send:0000000000000028 .L0 
C:\Users\hugo\AppData\Local\Temp\ccrWIzdP.s:161    .text.usbd_ctl_status_send:000000000000002a .L0 
C:\Users\hugo\AppData\Local\Temp\ccrWIzdP.s:166    .text.usbd_ctl_status_send:000000000000002e .L0 
C:\Users\hugo\AppData\Local\Temp\ccrWIzdP.s:168    .text.usbd_ctl_status_send:0000000000000030 .L0 
C:\Users\hugo\AppData\Local\Temp\ccrWIzdP.s:175    .text.usbd_ctl_status_recev:0000000000000000 usbd_ctl_status_recev
C:\Users\hugo\AppData\Local\Temp\ccrWIzdP.s:178    .text.usbd_ctl_status_recev:0000000000000000 .L0 
C:\Users\hugo\AppData\Local\Temp\ccrWIzdP.s:180    .text.usbd_ctl_status_recev:0000000000000000 .L0 
C:\Users\hugo\AppData\Local\Temp\ccrWIzdP.s:181    .text.usbd_ctl_status_recev:0000000000000000 .L0 
C:\Users\hugo\AppData\Local\Temp\ccrWIzdP.s:182    .text.usbd_ctl_status_recev:0000000000000000 .L0 
C:\Users\hugo\AppData\Local\Temp\ccrWIzdP.s:184    .text.usbd_ctl_status_recev:0000000000000002 .L0 
C:\Users\hugo\AppData\Local\Temp\ccrWIzdP.s:187    .text.usbd_ctl_status_recev:0000000000000006 .L0 
C:\Users\hugo\AppData\Local\Temp\ccrWIzdP.s:188    .text.usbd_ctl_status_recev:0000000000000006 .L0 
C:\Users\hugo\AppData\Local\Temp\ccrWIzdP.s:190    .text.usbd_ctl_status_recev:0000000000000006 .L0 
C:\Users\hugo\AppData\Local\Temp\ccrWIzdP.s:193    .text.usbd_ctl_status_recev:000000000000000c .L0 
C:\Users\hugo\AppData\Local\Temp\ccrWIzdP.s:197    .text.usbd_ctl_status_recev:0000000000000012 .L0 
C:\Users\hugo\AppData\Local\Temp\ccrWIzdP.s:199    .text.usbd_ctl_status_recev:0000000000000014 .L0 
C:\Users\hugo\AppData\Local\Temp\ccrWIzdP.s:202    .text.usbd_ctl_status_recev:000000000000001c .L0 
C:\Users\hugo\AppData\Local\Temp\ccrWIzdP.s:206    .text.usbd_ctl_status_recev:0000000000000026 .L0 
C:\Users\hugo\AppData\Local\Temp\ccrWIzdP.s:207    .text.usbd_ctl_status_recev:0000000000000026 .L0 
C:\Users\hugo\AppData\Local\Temp\ccrWIzdP.s:208    .text.usbd_ctl_status_recev:0000000000000028 .L0 
C:\Users\hugo\AppData\Local\Temp\ccrWIzdP.s:210    .text.usbd_ctl_status_recev:000000000000002a .L0 
C:\Users\hugo\AppData\Local\Temp\ccrWIzdP.s:215    .text.usbd_ctl_status_recev:000000000000002e .L0 
C:\Users\hugo\AppData\Local\Temp\ccrWIzdP.s:217    .text.usbd_ctl_status_recev:0000000000000030 .L0 
C:\Users\hugo\AppData\Local\Temp\ccrWIzdP.s:224    .text.usbd_setup_transc:0000000000000000 usbd_setup_transc
C:\Users\hugo\AppData\Local\Temp\ccrWIzdP.s:227    .text.usbd_setup_transc:0000000000000000 .L0 
C:\Users\hugo\AppData\Local\Temp\ccrWIzdP.s:229    .text.usbd_setup_transc:0000000000000000 .L0 
C:\Users\hugo\AppData\Local\Temp\ccrWIzdP.s:230    .text.usbd_setup_transc:0000000000000000 .L0 
C:\Users\hugo\AppData\Local\Temp\ccrWIzdP.s:231    .text.usbd_setup_transc:0000000000000000 .L0 
C:\Users\hugo\AppData\Local\Temp\ccrWIzdP.s:232    .text.usbd_setup_transc:0000000000000000 .L0 
C:\Users\hugo\AppData\Local\Temp\ccrWIzdP.s:235    .text.usbd_setup_transc:0000000000000008 .L0 
C:\Users\hugo\AppData\Local\Temp\ccrWIzdP.s:237    .text.usbd_setup_transc:000000000000000a .L0 
C:\Users\hugo\AppData\Local\Temp\ccrWIzdP.s:240    .text.usbd_setup_transc:000000000000000c .L0 
C:\Users\hugo\AppData\Local\Temp\ccrWIzdP.s:243    .text.usbd_setup_transc:0000000000000010 .L0 
C:\Users\hugo\AppData\Local\Temp\ccrWIzdP.s:244    .text.usbd_setup_transc:0000000000000010 .L0 
C:\Users\hugo\AppData\Local\Temp\ccrWIzdP.s:245    .text.usbd_setup_transc:0000000000000012 .L0 
C:\Users\hugo\AppData\Local\Temp\ccrWIzdP.s:246    .text.usbd_setup_transc:0000000000000012 .L0 
C:\Users\hugo\AppData\Local\Temp\ccrWIzdP.s:249    .text.usbd_setup_transc:0000000000000016 .L0 
C:\Users\hugo\AppData\Local\Temp\ccrWIzdP.s:251    .text.usbd_setup_transc:000000000000001a .L0 
C:\Users\hugo\AppData\Local\Temp\ccrWIzdP.s:253    .text.usbd_setup_transc:000000000000001c .L0 
C:\Users\hugo\AppData\Local\Temp\ccrWIzdP.s:258    .text.usbd_setup_transc:000000000000002a .L0 
C:\Users\hugo\AppData\Local\Temp\ccrWIzdP.s:259    .text.usbd_setup_transc:000000000000002a .L0 
C:\Users\hugo\AppData\Local\Temp\ccrWIzdP.s:264    .text.usbd_setup_transc:0000000000000034 .L0 
C:\Users\hugo\AppData\Local\Temp\ccrWIzdP.s:265    .text.usbd_setup_transc:0000000000000034 .L0 
C:\Users\hugo\AppData\Local\Temp\ccrWIzdP.s:266    .text.usbd_setup_transc:0000000000000034 .L0 
C:\Users\hugo\AppData\Local\Temp\ccrWIzdP.s:268    .text.usbd_setup_transc:0000000000000036 .L0 
C:\Users\hugo\AppData\Local\Temp\ccrWIzdP.s:269    .text.usbd_setup_transc:0000000000000036 .L0 
C:\Users\hugo\AppData\Local\Temp\ccrWIzdP.s:272    .text.usbd_setup_transc:000000000000003c .L0 
C:\Users\hugo\AppData\Local\Temp\ccrWIzdP.s:278    .text.usbd_setup_transc:0000000000000046 .L0 
C:\Users\hugo\AppData\Local\Temp\ccrWIzdP.s:279    .text.usbd_setup_transc:0000000000000046 .L0 
GAS LISTING C:\Users\hugo\AppData\Local\Temp\ccrWIzdP.s 			page 22


C:\Users\hugo\AppData\Local\Temp\ccrWIzdP.s:280    .text.usbd_setup_transc:0000000000000048 .L0 
C:\Users\hugo\AppData\Local\Temp\ccrWIzdP.s:281    .text.usbd_setup_transc:0000000000000048 .L0 
C:\Users\hugo\AppData\Local\Temp\ccrWIzdP.s:283    .text.usbd_setup_transc:000000000000004a .L0 
C:\Users\hugo\AppData\Local\Temp\ccrWIzdP.s:288    .text.usbd_setup_transc:000000000000004e .L0 
C:\Users\hugo\AppData\Local\Temp\ccrWIzdP.s:293    .text.usbd_setup_transc:0000000000000050 .L0 
C:\Users\hugo\AppData\Local\Temp\ccrWIzdP.s:295    .text.usbd_setup_transc:0000000000000050 .L0 
C:\Users\hugo\AppData\Local\Temp\ccrWIzdP.s:296    .text.usbd_setup_transc:0000000000000050 .L0 
C:\Users\hugo\AppData\Local\Temp\ccrWIzdP.s:300    .text.usbd_setup_transc:000000000000005a .L0 
C:\Users\hugo\AppData\Local\Temp\ccrWIzdP.s:304    .text.usbd_setup_transc:000000000000005c .L0 
C:\Users\hugo\AppData\Local\Temp\ccrWIzdP.s:305    .text.usbd_setup_transc:000000000000005c .L0 
C:\Users\hugo\AppData\Local\Temp\ccrWIzdP.s:309    .text.usbd_setup_transc:0000000000000066 .L0 
C:\Users\hugo\AppData\Local\Temp\ccrWIzdP.s:312    .text.usbd_setup_transc:0000000000000068 .L0 
C:\Users\hugo\AppData\Local\Temp\ccrWIzdP.s:313    .text.usbd_setup_transc:0000000000000068 .L0 
C:\Users\hugo\AppData\Local\Temp\ccrWIzdP.s:315    .text.usbd_setup_transc:000000000000006c .L0 
C:\Users\hugo\AppData\Local\Temp\ccrWIzdP.s:318    .text.usbd_setup_transc:000000000000006e .L0 
C:\Users\hugo\AppData\Local\Temp\ccrWIzdP.s:320    .text.usbd_setup_transc:0000000000000072 .L0 
C:\Users\hugo\AppData\Local\Temp\ccrWIzdP.s:325    .text.usbd_setup_transc:000000000000007c .L0 
C:\Users\hugo\AppData\Local\Temp\ccrWIzdP.s:330    .text.usbd_setup_transc:0000000000000086 .L0 
C:\Users\hugo\AppData\Local\Temp\ccrWIzdP.s:335    .text.usbd_setup_transc:0000000000000094 .L0 
C:\Users\hugo\AppData\Local\Temp\ccrWIzdP.s:342    .text.usbd_out_transc:0000000000000000 usbd_out_transc
C:\Users\hugo\AppData\Local\Temp\ccrWIzdP.s:345    .text.usbd_out_transc:0000000000000000 .L0 
C:\Users\hugo\AppData\Local\Temp\ccrWIzdP.s:347    .text.usbd_out_transc:0000000000000000 .L0 
C:\Users\hugo\AppData\Local\Temp\ccrWIzdP.s:349    .text.usbd_out_transc:0000000000000002 .L0 
C:\Users\hugo\AppData\Local\Temp\ccrWIzdP.s:352    .text.usbd_out_transc:0000000000000006 .L0 
C:\Users\hugo\AppData\Local\Temp\ccrWIzdP.s:353    .text.usbd_out_transc:0000000000000006 .L0 
C:\Users\hugo\AppData\Local\Temp\ccrWIzdP.s:356    .text.usbd_out_transc:0000000000000008 .L0 
C:\Users\hugo\AppData\Local\Temp\ccrWIzdP.s:361    .text.usbd_out_transc:0000000000000012 .L0 
C:\Users\hugo\AppData\Local\Temp\ccrWIzdP.s:362    .text.usbd_out_transc:0000000000000012 .L0 
C:\Users\hugo\AppData\Local\Temp\ccrWIzdP.s:366    .text.usbd_out_transc:0000000000000018 .L0 
C:\Users\hugo\AppData\Local\Temp\ccrWIzdP.s:367    .text.usbd_out_transc:0000000000000018 .L0 
C:\Users\hugo\AppData\Local\Temp\ccrWIzdP.s:372    .text.usbd_out_transc:0000000000000024 .L0 
C:\Users\hugo\AppData\Local\Temp\ccrWIzdP.s:373    .text.usbd_out_transc:0000000000000024 .L0 
C:\Users\hugo\AppData\Local\Temp\ccrWIzdP.s:377    .text.usbd_out_transc:000000000000002c .L0 
C:\Users\hugo\AppData\Local\Temp\ccrWIzdP.s:382    .text.usbd_out_transc:0000000000000038 .L0 
C:\Users\hugo\AppData\Local\Temp\ccrWIzdP.s:385    .text.usbd_out_transc:000000000000003a .L0 
C:\Users\hugo\AppData\Local\Temp\ccrWIzdP.s:386    .text.usbd_out_transc:000000000000003a .L0 
C:\Users\hugo\AppData\Local\Temp\ccrWIzdP.s:389    .text.usbd_out_transc:0000000000000040 .L0 
C:\Users\hugo\AppData\Local\Temp\ccrWIzdP.s:392    .text.usbd_out_transc:0000000000000048 .L0 
C:\Users\hugo\AppData\Local\Temp\ccrWIzdP.s:396    .text.usbd_out_transc:0000000000000052 .L0 
C:\Users\hugo\AppData\Local\Temp\ccrWIzdP.s:401    .text.usbd_out_transc:000000000000005e .L0 
C:\Users\hugo\AppData\Local\Temp\ccrWIzdP.s:405    .text.usbd_out_transc:0000000000000060 .L0 
C:\Users\hugo\AppData\Local\Temp\ccrWIzdP.s:406    .text.usbd_out_transc:0000000000000060 .L0 
C:\Users\hugo\AppData\Local\Temp\ccrWIzdP.s:410    .text.usbd_out_transc:000000000000006c .L0 
C:\Users\hugo\AppData\Local\Temp\ccrWIzdP.s:413    .text.usbd_out_transc:0000000000000072 .L0 
C:\Users\hugo\AppData\Local\Temp\ccrWIzdP.s:414    .text.usbd_out_transc:0000000000000072 .L0 
C:\Users\hugo\AppData\Local\Temp\ccrWIzdP.s:417    .text.usbd_out_transc:000000000000007a .L0 
C:\Users\hugo\AppData\Local\Temp\ccrWIzdP.s:419    .text.usbd_out_transc:000000000000007c .L0 
C:\Users\hugo\AppData\Local\Temp\ccrWIzdP.s:421    .text.usbd_out_transc:000000000000007e .L0 
C:\Users\hugo\AppData\Local\Temp\ccrWIzdP.s:422    .text.usbd_out_transc:000000000000007e .L0 
C:\Users\hugo\AppData\Local\Temp\ccrWIzdP.s:425    .text.usbd_out_transc:0000000000000086 .L0 
C:\Users\hugo\AppData\Local\Temp\ccrWIzdP.s:427    .text.usbd_out_transc:0000000000000088 .L0 
C:\Users\hugo\AppData\Local\Temp\ccrWIzdP.s:435    .text.usbd_out_transc:0000000000000090 .L0 
C:\Users\hugo\AppData\Local\Temp\ccrWIzdP.s:436    .text.usbd_out_transc:0000000000000090 .L0 
C:\Users\hugo\AppData\Local\Temp\ccrWIzdP.s:439    .text.usbd_out_transc:0000000000000098 .L0 
C:\Users\hugo\AppData\Local\Temp\ccrWIzdP.s:443    .text.usbd_out_transc:00000000000000a4 .L0 
C:\Users\hugo\AppData\Local\Temp\ccrWIzdP.s:448    .text.usbd_out_transc:00000000000000a6 .L0 
C:\Users\hugo\AppData\Local\Temp\ccrWIzdP.s:449    .text.usbd_out_transc:00000000000000a6 .L0 
GAS LISTING C:\Users\hugo\AppData\Local\Temp\ccrWIzdP.s 			page 23


C:\Users\hugo\AppData\Local\Temp\ccrWIzdP.s:452    .text.usbd_out_transc:00000000000000ae .L0 
C:\Users\hugo\AppData\Local\Temp\ccrWIzdP.s:454    .text.usbd_out_transc:00000000000000b0 .L0 
C:\Users\hugo\AppData\Local\Temp\ccrWIzdP.s:456    .text.usbd_out_transc:00000000000000b2 .L0 
C:\Users\hugo\AppData\Local\Temp\ccrWIzdP.s:460    .text.usbd_out_transc:00000000000000be .L0 
C:\Users\hugo\AppData\Local\Temp\ccrWIzdP.s:463    .text.usbd_out_transc:00000000000000c4 .L0 
C:\Users\hugo\AppData\Local\Temp\ccrWIzdP.s:464    .text.usbd_out_transc:00000000000000c4 .L0 
C:\Users\hugo\AppData\Local\Temp\ccrWIzdP.s:467    .text.usbd_out_transc:00000000000000cc .L0 
C:\Users\hugo\AppData\Local\Temp\ccrWIzdP.s:469    .text.usbd_out_transc:00000000000000ce .L0 
C:\Users\hugo\AppData\Local\Temp\ccrWIzdP.s:478    .text.usbd_out_transc:00000000000000da .L0 
C:\Users\hugo\AppData\Local\Temp\ccrWIzdP.s:479    .text.usbd_out_transc:00000000000000da .L0 
C:\Users\hugo\AppData\Local\Temp\ccrWIzdP.s:481    .text.usbd_out_transc:00000000000000dc .L0 
C:\Users\hugo\AppData\Local\Temp\ccrWIzdP.s:483    .text.usbd_out_transc:00000000000000e0 .L0 
C:\Users\hugo\AppData\Local\Temp\ccrWIzdP.s:486    .text.usbd_out_transc:00000000000000e2 .L0 
C:\Users\hugo\AppData\Local\Temp\ccrWIzdP.s:487    .text.usbd_out_transc:00000000000000e2 .L0 
C:\Users\hugo\AppData\Local\Temp\ccrWIzdP.s:491    .text.usbd_out_transc:00000000000000e4 .L0 
C:\Users\hugo\AppData\Local\Temp\ccrWIzdP.s:494    .text.usbd_out_transc:00000000000000e6 .L0 
C:\Users\hugo\AppData\Local\Temp\ccrWIzdP.s:501    .text.usbd_in_transc:0000000000000000 usbd_in_transc
C:\Users\hugo\AppData\Local\Temp\ccrWIzdP.s:504    .text.usbd_in_transc:0000000000000000 .L0 
C:\Users\hugo\AppData\Local\Temp\ccrWIzdP.s:506    .text.usbd_in_transc:0000000000000000 .L0 
C:\Users\hugo\AppData\Local\Temp\ccrWIzdP.s:508    .text.usbd_in_transc:0000000000000002 .L0 
C:\Users\hugo\AppData\Local\Temp\ccrWIzdP.s:511    .text.usbd_in_transc:0000000000000006 .L0 
C:\Users\hugo\AppData\Local\Temp\ccrWIzdP.s:512    .text.usbd_in_transc:0000000000000006 .L0 
C:\Users\hugo\AppData\Local\Temp\ccrWIzdP.s:515    .text.usbd_in_transc:0000000000000008 .L0 
C:\Users\hugo\AppData\Local\Temp\ccrWIzdP.s:520    .text.usbd_in_transc:0000000000000012 .L0 
C:\Users\hugo\AppData\Local\Temp\ccrWIzdP.s:521    .text.usbd_in_transc:0000000000000012 .L0 
C:\Users\hugo\AppData\Local\Temp\ccrWIzdP.s:525    .text.usbd_in_transc:0000000000000018 .L0 
C:\Users\hugo\AppData\Local\Temp\ccrWIzdP.s:526    .text.usbd_in_transc:0000000000000018 .L0 
C:\Users\hugo\AppData\Local\Temp\ccrWIzdP.s:531    .text.usbd_in_transc:0000000000000024 .L0 
C:\Users\hugo\AppData\Local\Temp\ccrWIzdP.s:532    .text.usbd_in_transc:0000000000000024 .L0 
C:\Users\hugo\AppData\Local\Temp\ccrWIzdP.s:536    .text.usbd_in_transc:000000000000002c .L0 
C:\Users\hugo\AppData\Local\Temp\ccrWIzdP.s:541    .text.usbd_in_transc:0000000000000038 .L0 
C:\Users\hugo\AppData\Local\Temp\ccrWIzdP.s:544    .text.usbd_in_transc:000000000000003a .L0 
C:\Users\hugo\AppData\Local\Temp\ccrWIzdP.s:545    .text.usbd_in_transc:000000000000003a .L0 
C:\Users\hugo\AppData\Local\Temp\ccrWIzdP.s:548    .text.usbd_in_transc:0000000000000040 .L0 
C:\Users\hugo\AppData\Local\Temp\ccrWIzdP.s:551    .text.usbd_in_transc:0000000000000048 .L0 
C:\Users\hugo\AppData\Local\Temp\ccrWIzdP.s:555    .text.usbd_in_transc:0000000000000052 .L0 
C:\Users\hugo\AppData\Local\Temp\ccrWIzdP.s:560    .text.usbd_in_transc:000000000000005e .L0 
C:\Users\hugo\AppData\Local\Temp\ccrWIzdP.s:564    .text.usbd_in_transc:0000000000000060 .L0 
C:\Users\hugo\AppData\Local\Temp\ccrWIzdP.s:565    .text.usbd_in_transc:0000000000000060 .L0 
C:\Users\hugo\AppData\Local\Temp\ccrWIzdP.s:568    .text.usbd_in_transc:0000000000000068 .L0 
C:\Users\hugo\AppData\Local\Temp\ccrWIzdP.s:570    .text.usbd_in_transc:000000000000006a .L0 
C:\Users\hugo\AppData\Local\Temp\ccrWIzdP.s:579    .text.usbd_in_transc:000000000000007c .L0 
C:\Users\hugo\AppData\Local\Temp\ccrWIzdP.s:580    .text.usbd_in_transc:000000000000007c .L0 
C:\Users\hugo\AppData\Local\Temp\ccrWIzdP.s:583    .text.usbd_in_transc:0000000000000084 .L0 
C:\Users\hugo\AppData\Local\Temp\ccrWIzdP.s:587    .text.usbd_in_transc:0000000000000086 .L0 
C:\Users\hugo\AppData\Local\Temp\ccrWIzdP.s:588    .text.usbd_in_transc:0000000000000086 .L0 
C:\Users\hugo\AppData\Local\Temp\ccrWIzdP.s:592    .text.usbd_in_transc:0000000000000092 .L0 
C:\Users\hugo\AppData\Local\Temp\ccrWIzdP.s:595    .text.usbd_in_transc:0000000000000098 .L0 
C:\Users\hugo\AppData\Local\Temp\ccrWIzdP.s:596    .text.usbd_in_transc:0000000000000098 .L0 
C:\Users\hugo\AppData\Local\Temp\ccrWIzdP.s:599    .text.usbd_in_transc:00000000000000a0 .L0 
C:\Users\hugo\AppData\Local\Temp\ccrWIzdP.s:601    .text.usbd_in_transc:00000000000000a2 .L0 
C:\Users\hugo\AppData\Local\Temp\ccrWIzdP.s:603    .text.usbd_in_transc:00000000000000a4 .L0 
C:\Users\hugo\AppData\Local\Temp\ccrWIzdP.s:604    .text.usbd_in_transc:00000000000000a4 .L0 
C:\Users\hugo\AppData\Local\Temp\ccrWIzdP.s:607    .text.usbd_in_transc:00000000000000ac .L0 
C:\Users\hugo\AppData\Local\Temp\ccrWIzdP.s:609    .text.usbd_in_transc:00000000000000ae .L0 
C:\Users\hugo\AppData\Local\Temp\ccrWIzdP.s:617    .text.usbd_in_transc:00000000000000b6 .L0 
C:\Users\hugo\AppData\Local\Temp\ccrWIzdP.s:618    .text.usbd_in_transc:00000000000000b6 .L0 
GAS LISTING C:\Users\hugo\AppData\Local\Temp\ccrWIzdP.s 			page 24


C:\Users\hugo\AppData\Local\Temp\ccrWIzdP.s:621    .text.usbd_in_transc:00000000000000be .L0 
C:\Users\hugo\AppData\Local\Temp\ccrWIzdP.s:625    .text.usbd_in_transc:00000000000000ca .L0 
C:\Users\hugo\AppData\Local\Temp\ccrWIzdP.s:630    .text.usbd_in_transc:00000000000000cc .L0 
C:\Users\hugo\AppData\Local\Temp\ccrWIzdP.s:631    .text.usbd_in_transc:00000000000000cc .L0 
C:\Users\hugo\AppData\Local\Temp\ccrWIzdP.s:635    .text.usbd_in_transc:00000000000000d8 .L0 
C:\Users\hugo\AppData\Local\Temp\ccrWIzdP.s:638    .text.usbd_in_transc:00000000000000de .L0 
C:\Users\hugo\AppData\Local\Temp\ccrWIzdP.s:641    .text.usbd_in_transc:00000000000000e6 .L0 
C:\Users\hugo\AppData\Local\Temp\ccrWIzdP.s:643    .text.usbd_in_transc:00000000000000e8 .L0 
C:\Users\hugo\AppData\Local\Temp\ccrWIzdP.s:645    .text.usbd_in_transc:00000000000000ea .L0 
C:\Users\hugo\AppData\Local\Temp\ccrWIzdP.s:646    .text.usbd_in_transc:00000000000000ea .L0 
C:\Users\hugo\AppData\Local\Temp\ccrWIzdP.s:649    .text.usbd_in_transc:00000000000000f2 .L0 
C:\Users\hugo\AppData\Local\Temp\ccrWIzdP.s:651    .text.usbd_in_transc:00000000000000f4 .L0 
C:\Users\hugo\AppData\Local\Temp\ccrWIzdP.s:660    .text.usbd_in_transc:0000000000000100 .L0 
C:\Users\hugo\AppData\Local\Temp\ccrWIzdP.s:661    .text.usbd_in_transc:0000000000000100 .L0 
C:\Users\hugo\AppData\Local\Temp\ccrWIzdP.s:663    .text.usbd_in_transc:0000000000000102 .L0 
C:\Users\hugo\AppData\Local\Temp\ccrWIzdP.s:665    .text.usbd_in_transc:0000000000000106 .L0 
C:\Users\hugo\AppData\Local\Temp\ccrWIzdP.s:668    .text.usbd_in_transc:0000000000000108 .L0 
C:\Users\hugo\AppData\Local\Temp\ccrWIzdP.s:669    .text.usbd_in_transc:0000000000000108 .L0 
C:\Users\hugo\AppData\Local\Temp\ccrWIzdP.s:673    .text.usbd_in_transc:000000000000010a .L0 
C:\Users\hugo\AppData\Local\Temp\ccrWIzdP.s:676    .text.usbd_in_transc:000000000000010c .L0 
C:\Users\hugo\AppData\Local\Temp\ccrWIzdP.s:66     .text.usbd_ctl_send:0000000000000038 .L0 
C:\Users\hugo\AppData\Local\Temp\ccrWIzdP.s:122    .text.usbd_ctl_recev:0000000000000038 .L0 
C:\Users\hugo\AppData\Local\Temp\ccrWIzdP.s:171    .text.usbd_ctl_status_send:0000000000000030 .L0 
C:\Users\hugo\AppData\Local\Temp\ccrWIzdP.s:220    .text.usbd_ctl_status_recev:0000000000000030 .L0 
C:\Users\hugo\AppData\Local\Temp\ccrWIzdP.s:338    .text.usbd_setup_transc:0000000000000094 .L0 
C:\Users\hugo\AppData\Local\Temp\ccrWIzdP.s:497    .text.usbd_out_transc:00000000000000e6 .L0 
C:\Users\hugo\AppData\Local\Temp\ccrWIzdP.s:679    .text.usbd_in_transc:000000000000010c .L0 
                     .debug_frame:0000000000000000 .L0 
C:\Users\hugo\AppData\Local\Temp\ccrWIzdP.s:49     .text.usbd_ctl_send:000000000000002a .L2
C:\Users\hugo\AppData\Local\Temp\ccrWIzdP.s:105    .text.usbd_ctl_recev:000000000000002a .L7
C:\Users\hugo\AppData\Local\Temp\ccrWIzdP.s:291    .text.usbd_setup_transc:0000000000000050 .L16
C:\Users\hugo\AppData\Local\Temp\ccrWIzdP.s:302    .text.usbd_setup_transc:000000000000005c .L17
C:\Users\hugo\AppData\Local\Temp\ccrWIzdP.s:328    .text.usbd_setup_transc:0000000000000086 .L18
C:\Users\hugo\AppData\Local\Temp\ccrWIzdP.s:310    .text.usbd_setup_transc:0000000000000068 .L20
C:\Users\hugo\AppData\Local\Temp\ccrWIzdP.s:263    .text.usbd_setup_transc:0000000000000034 .L19
C:\Users\hugo\AppData\Local\Temp\ccrWIzdP.s:323    .text.usbd_setup_transc:000000000000007c .L22
C:\Users\hugo\AppData\Local\Temp\ccrWIzdP.s:276    .text.usbd_setup_transc:0000000000000046 .L21
C:\Users\hugo\AppData\Local\Temp\ccrWIzdP.s:445    .text.usbd_out_transc:00000000000000a6 .L25
C:\Users\hugo\AppData\Local\Temp\ccrWIzdP.s:383    .text.usbd_out_transc:000000000000003a .L26
C:\Users\hugo\AppData\Local\Temp\ccrWIzdP.s:403    .text.usbd_out_transc:0000000000000060 .L27
C:\Users\hugo\AppData\Local\Temp\ccrWIzdP.s:476    .text.usbd_out_transc:00000000000000da .L31
C:\Users\hugo\AppData\Local\Temp\ccrWIzdP.s:433    .text.usbd_out_transc:0000000000000090 .L30
C:\Users\hugo\AppData\Local\Temp\ccrWIzdP.s:627    .text.usbd_in_transc:00000000000000cc .L34
C:\Users\hugo\AppData\Local\Temp\ccrWIzdP.s:542    .text.usbd_in_transc:000000000000003a .L35
C:\Users\hugo\AppData\Local\Temp\ccrWIzdP.s:562    .text.usbd_in_transc:0000000000000060 .L36
C:\Users\hugo\AppData\Local\Temp\ccrWIzdP.s:658    .text.usbd_in_transc:0000000000000100 .L42
C:\Users\hugo\AppData\Local\Temp\ccrWIzdP.s:585    .text.usbd_in_transc:0000000000000086 .L39
C:\Users\hugo\AppData\Local\Temp\ccrWIzdP.s:615    .text.usbd_in_transc:00000000000000b6 .L41
C:\Users\hugo\AppData\Local\Temp\ccrWIzdP.s:4428   .debug_abbrev:0000000000000000 .Ldebug_abbrev0
C:\Users\hugo\AppData\Local\Temp\ccrWIzdP.s:5729   .debug_str:0000000000000133 .LASF308
C:\Users\hugo\AppData\Local\Temp\ccrWIzdP.s:5967   .debug_str:0000000000000668 .LASF309
C:\Users\hugo\AppData\Local\Temp\ccrWIzdP.s:6043   .debug_str:000000000000083c .LASF310
C:\Users\hugo\AppData\Local\Temp\ccrWIzdP.s:5643   .debug_ranges:0000000000000000 .Ldebug_ranges0
C:\Users\hugo\AppData\Local\Temp\ccrWIzdP.s:5661   .debug_line:0000000000000000 .Ldebug_line0
C:\Users\hugo\AppData\Local\Temp\ccrWIzdP.s:5983   .debug_str:00000000000006dd .LASF0
C:\Users\hugo\AppData\Local\Temp\ccrWIzdP.s:5803   .debug_str:000000000000032e .LASF1
C:\Users\hugo\AppData\Local\Temp\ccrWIzdP.s:5749   .debug_str:000000000000021e .LASF4
GAS LISTING C:\Users\hugo\AppData\Local\Temp\ccrWIzdP.s 			page 25


C:\Users\hugo\AppData\Local\Temp\ccrWIzdP.s:5807   .debug_str:0000000000000342 .LASF2
C:\Users\hugo\AppData\Local\Temp\ccrWIzdP.s:6175   .debug_str:0000000000000b07 .LASF3
C:\Users\hugo\AppData\Local\Temp\ccrWIzdP.s:5851   .debug_str:000000000000041c .LASF5
C:\Users\hugo\AppData\Local\Temp\ccrWIzdP.s:6243   .debug_str:0000000000000c4f .LASF6
C:\Users\hugo\AppData\Local\Temp\ccrWIzdP.s:5769   .debug_str:0000000000000286 .LASF7
C:\Users\hugo\AppData\Local\Temp\ccrWIzdP.s:5943   .debug_str:00000000000005ec .LASF8
C:\Users\hugo\AppData\Local\Temp\ccrWIzdP.s:5903   .debug_str:0000000000000515 .LASF9
C:\Users\hugo\AppData\Local\Temp\ccrWIzdP.s:5947   .debug_str:0000000000000602 .LASF10
C:\Users\hugo\AppData\Local\Temp\ccrWIzdP.s:6077   .debug_str:0000000000000926 .LASF11
C:\Users\hugo\AppData\Local\Temp\ccrWIzdP.s:5805   .debug_str:000000000000033a .LASF12
C:\Users\hugo\AppData\Local\Temp\ccrWIzdP.s:6085   .debug_str:000000000000095a .LASF13
C:\Users\hugo\AppData\Local\Temp\ccrWIzdP.s:6221   .debug_str:0000000000000be7 .LASF14
C:\Users\hugo\AppData\Local\Temp\ccrWIzdP.s:5913   .debug_str:0000000000000558 .LASF87
C:\Users\hugo\AppData\Local\Temp\ccrWIzdP.s:6045   .debug_str:000000000000088a .LASF15
C:\Users\hugo\AppData\Local\Temp\ccrWIzdP.s:5815   .debug_str:0000000000000371 .LASF16
C:\Users\hugo\AppData\Local\Temp\ccrWIzdP.s:5949   .debug_str:0000000000000610 .LASF17
C:\Users\hugo\AppData\Local\Temp\ccrWIzdP.s:5863   .debug_str:0000000000000454 .LASF18
C:\Users\hugo\AppData\Local\Temp\ccrWIzdP.s:6161   .debug_str:0000000000000ac8 .LASF19
C:\Users\hugo\AppData\Local\Temp\ccrWIzdP.s:5875   .debug_str:000000000000048e .LASF20
C:\Users\hugo\AppData\Local\Temp\ccrWIzdP.s:6259   .debug_str:0000000000000cbb .LASF21
C:\Users\hugo\AppData\Local\Temp\ccrWIzdP.s:6179   .debug_str:0000000000000b20 .LASF22
C:\Users\hugo\AppData\Local\Temp\ccrWIzdP.s:6267   .debug_str:0000000000000ce5 .LASF23
C:\Users\hugo\AppData\Local\Temp\ccrWIzdP.s:6265   .debug_str:0000000000000cdd .LASF24
C:\Users\hugo\AppData\Local\Temp\ccrWIzdP.s:6151   .debug_str:0000000000000a9d .LASF25
C:\Users\hugo\AppData\Local\Temp\ccrWIzdP.s:6263   .debug_str:0000000000000cc9 .LASF26
C:\Users\hugo\AppData\Local\Temp\ccrWIzdP.s:6233   .debug_str:0000000000000c26 .LASF27
C:\Users\hugo\AppData\Local\Temp\ccrWIzdP.s:5867   .debug_str:0000000000000464 .LASF28
C:\Users\hugo\AppData\Local\Temp\ccrWIzdP.s:5825   .debug_str:0000000000000393 .LASF29
C:\Users\hugo\AppData\Local\Temp\ccrWIzdP.s:5887   .debug_str:00000000000004c7 .LASF30
C:\Users\hugo\AppData\Local\Temp\ccrWIzdP.s:6261   .debug_str:0000000000000cc1 .LASF31
C:\Users\hugo\AppData\Local\Temp\ccrWIzdP.s:5735   .debug_str:00000000000001c8 .LASF32
C:\Users\hugo\AppData\Local\Temp\ccrWIzdP.s:6255   .debug_str:0000000000000ca3 .LASF33
C:\Users\hugo\AppData\Local\Temp\ccrWIzdP.s:6107   .debug_str:00000000000009cb .LASF34
C:\Users\hugo\AppData\Local\Temp\ccrWIzdP.s:5799   .debug_str:000000000000031a .LASF35
C:\Users\hugo\AppData\Local\Temp\ccrWIzdP.s:6055   .debug_str:00000000000008b8 .LASF36
C:\Users\hugo\AppData\Local\Temp\ccrWIzdP.s:6227   .debug_str:0000000000000c09 .LASF37
C:\Users\hugo\AppData\Local\Temp\ccrWIzdP.s:6143   .debug_str:0000000000000a7c .LASF38
C:\Users\hugo\AppData\Local\Temp\ccrWIzdP.s:6253   .debug_str:0000000000000c99 .LASF39
C:\Users\hugo\AppData\Local\Temp\ccrWIzdP.s:6275   .debug_str:0000000000000d1d .LASF40
C:\Users\hugo\AppData\Local\Temp\ccrWIzdP.s:5899   .debug_str:0000000000000509 .LASF41
C:\Users\hugo\AppData\Local\Temp\ccrWIzdP.s:5861   .debug_str:000000000000044b .LASF42
C:\Users\hugo\AppData\Local\Temp\ccrWIzdP.s:6239   .debug_str:0000000000000c3d .LASF43
C:\Users\hugo\AppData\Local\Temp\ccrWIzdP.s:6157   .debug_str:0000000000000aba .LASF44
C:\Users\hugo\AppData\Local\Temp\ccrWIzdP.s:6105   .debug_str:00000000000009c4 .LASF45
C:\Users\hugo\AppData\Local\Temp\ccrWIzdP.s:5787   .debug_str:00000000000002e4 .LASF46
C:\Users\hugo\AppData\Local\Temp\ccrWIzdP.s:5993   .debug_str:000000000000071c .LASF47
C:\Users\hugo\AppData\Local\Temp\ccrWIzdP.s:5817   .debug_str:0000000000000378 .LASF48
C:\Users\hugo\AppData\Local\Temp\ccrWIzdP.s:5821   .debug_str:0000000000000386 .LASF49
C:\Users\hugo\AppData\Local\Temp\ccrWIzdP.s:6093   .debug_str:0000000000000989 .LASF50
C:\Users\hugo\AppData\Local\Temp\ccrWIzdP.s:5713   .debug_str:00000000000000f0 .LASF51
C:\Users\hugo\AppData\Local\Temp\ccrWIzdP.s:5833   .debug_str:00000000000003b8 .LASF52
C:\Users\hugo\AppData\Local\Temp\ccrWIzdP.s:5931   .debug_str:00000000000005b7 .LASF53
C:\Users\hugo\AppData\Local\Temp\ccrWIzdP.s:5849   .debug_str:0000000000000412 .LASF54
C:\Users\hugo\AppData\Local\Temp\ccrWIzdP.s:6277   .debug_str:0000000000000d24 .LASF55
C:\Users\hugo\AppData\Local\Temp\ccrWIzdP.s:5695   .debug_str:000000000000009b .LASF56
C:\Users\hugo\AppData\Local\Temp\ccrWIzdP.s:5855   .debug_str:000000000000042e .LASF57
C:\Users\hugo\AppData\Local\Temp\ccrWIzdP.s:5857   .debug_str:0000000000000439 .LASF58
GAS LISTING C:\Users\hugo\AppData\Local\Temp\ccrWIzdP.s 			page 26


C:\Users\hugo\AppData\Local\Temp\ccrWIzdP.s:6195   .debug_str:0000000000000b75 .LASF59
C:\Users\hugo\AppData\Local\Temp\ccrWIzdP.s:5823   .debug_str:000000000000038b .LASF60
C:\Users\hugo\AppData\Local\Temp\ccrWIzdP.s:5763   .debug_str:0000000000000266 .LASF61
C:\Users\hugo\AppData\Local\Temp\ccrWIzdP.s:5677   .debug_str:0000000000000043 .LASF62
C:\Users\hugo\AppData\Local\Temp\ccrWIzdP.s:6101   .debug_str:00000000000009a7 .LASF63
C:\Users\hugo\AppData\Local\Temp\ccrWIzdP.s:5765   .debug_str:000000000000026e .LASF64
C:\Users\hugo\AppData\Local\Temp\ccrWIzdP.s:6059   .debug_str:00000000000008ca .LASF65
C:\Users\hugo\AppData\Local\Temp\ccrWIzdP.s:5891   .debug_str:00000000000004da .LASF66
C:\Users\hugo\AppData\Local\Temp\ccrWIzdP.s:6283   .debug_str:0000000000000d42 .LASF67
C:\Users\hugo\AppData\Local\Temp\ccrWIzdP.s:6191   .debug_str:0000000000000b64 .LASF68
C:\Users\hugo\AppData\Local\Temp\ccrWIzdP.s:6199   .debug_str:0000000000000b8c .LASF69
C:\Users\hugo\AppData\Local\Temp\ccrWIzdP.s:5831   .debug_str:00000000000003ad .LASF70
C:\Users\hugo\AppData\Local\Temp\ccrWIzdP.s:5691   .debug_str:000000000000007e .LASF71
C:\Users\hugo\AppData\Local\Temp\ccrWIzdP.s:5789   .debug_str:00000000000002ef .LASF72
C:\Users\hugo\AppData\Local\Temp\ccrWIzdP.s:5811   .debug_str:000000000000035e .LASF73
C:\Users\hugo\AppData\Local\Temp\ccrWIzdP.s:6031   .debug_str:00000000000007f9 .LASF74
C:\Users\hugo\AppData\Local\Temp\ccrWIzdP.s:5925   .debug_str:000000000000059b .LASF75
C:\Users\hugo\AppData\Local\Temp\ccrWIzdP.s:5795   .debug_str:000000000000030a .LASF76
C:\Users\hugo\AppData\Local\Temp\ccrWIzdP.s:5865   .debug_str:000000000000045b .LASF77
C:\Users\hugo\AppData\Local\Temp\ccrWIzdP.s:5965   .debug_str:0000000000000660 .LASF78
C:\Users\hugo\AppData\Local\Temp\ccrWIzdP.s:6181   .debug_str:0000000000000b27 .LASF79
C:\Users\hugo\AppData\Local\Temp\ccrWIzdP.s:5781   .debug_str:00000000000002c4 .LASF80
C:\Users\hugo\AppData\Local\Temp\ccrWIzdP.s:5869   .debug_str:000000000000046f .LASF89
C:\Users\hugo\AppData\Local\Temp\ccrWIzdP.s:5773   .debug_str:000000000000029b .LASF81
C:\Users\hugo\AppData\Local\Temp\ccrWIzdP.s:6163   .debug_str:0000000000000acf .LASF82
C:\Users\hugo\AppData\Local\Temp\ccrWIzdP.s:6159   .debug_str:0000000000000ac3 .LASF83
C:\Users\hugo\AppData\Local\Temp\ccrWIzdP.s:5919   .debug_str:0000000000000582 .LASF84
C:\Users\hugo\AppData\Local\Temp\ccrWIzdP.s:5737   .debug_str:00000000000001d2 .LASF85
C:\Users\hugo\AppData\Local\Temp\ccrWIzdP.s:6063   .debug_str:00000000000008db .LASF86
C:\Users\hugo\AppData\Local\Temp\ccrWIzdP.s:6155   .debug_str:0000000000000ab0 .LASF88
C:\Users\hugo\AppData\Local\Temp\ccrWIzdP.s:5879   .debug_str:000000000000049b .LASF90
C:\Users\hugo\AppData\Local\Temp\ccrWIzdP.s:5809   .debug_str:0000000000000350 .LASF91
C:\Users\hugo\AppData\Local\Temp\ccrWIzdP.s:6015   .debug_str:0000000000000796 .LASF92
C:\Users\hugo\AppData\Local\Temp\ccrWIzdP.s:5819   .debug_str:000000000000037f .LASF93
C:\Users\hugo\AppData\Local\Temp\ccrWIzdP.s:6081   .debug_str:000000000000094b .LASF94
C:\Users\hugo\AppData\Local\Temp\ccrWIzdP.s:5709   .debug_str:00000000000000de .LASF95
C:\Users\hugo\AppData\Local\Temp\ccrWIzdP.s:5935   .debug_str:00000000000005c9 .LASF96
C:\Users\hugo\AppData\Local\Temp\ccrWIzdP.s:6241   .debug_str:0000000000000c45 .LASF97
C:\Users\hugo\AppData\Local\Temp\ccrWIzdP.s:5927   .debug_str:00000000000005a4 .LASF98
C:\Users\hugo\AppData\Local\Temp\ccrWIzdP.s:6173   .debug_str:0000000000000afe .LASF99
C:\Users\hugo\AppData\Local\Temp\ccrWIzdP.s:5785   .debug_str:00000000000002dd .LASF100
C:\Users\hugo\AppData\Local\Temp\ccrWIzdP.s:5665   .debug_str:000000000000000c .LASF101
C:\Users\hugo\AppData\Local\Temp\ccrWIzdP.s:5995   .debug_str:0000000000000725 .LASF102
C:\Users\hugo\AppData\Local\Temp\ccrWIzdP.s:6183   .debug_str:0000000000000b33 .LASF103
C:\Users\hugo\AppData\Local\Temp\ccrWIzdP.s:6201   .debug_str:0000000000000b94 .LASF104
C:\Users\hugo\AppData\Local\Temp\ccrWIzdP.s:6033   .debug_str:0000000000000804 .LASF105
C:\Users\hugo\AppData\Local\Temp\ccrWIzdP.s:6177   .debug_str:0000000000000b11 .LASF170
C:\Users\hugo\AppData\Local\Temp\ccrWIzdP.s:6035   .debug_str:0000000000000813 .LASF106
C:\Users\hugo\AppData\Local\Temp\ccrWIzdP.s:6029   .debug_str:00000000000007e9 .LASF107
C:\Users\hugo\AppData\Local\Temp\ccrWIzdP.s:6001   .debug_str:000000000000074c .LASF108
C:\Users\hugo\AppData\Local\Temp\ccrWIzdP.s:5707   .debug_str:00000000000000cd .LASF109
C:\Users\hugo\AppData\Local\Temp\ccrWIzdP.s:6115   .debug_str:00000000000009ed .LASF110
C:\Users\hugo\AppData\Local\Temp\ccrWIzdP.s:6249   .debug_str:0000000000000c76 .LASF111
C:\Users\hugo\AppData\Local\Temp\ccrWIzdP.s:6285   .debug_str:0000000000000d4d .LASF112
C:\Users\hugo\AppData\Local\Temp\ccrWIzdP.s:6069   .debug_str:00000000000008f8 .LASF113
C:\Users\hugo\AppData\Local\Temp\ccrWIzdP.s:6125   .debug_str:0000000000000a2d .LASF114
C:\Users\hugo\AppData\Local\Temp\ccrWIzdP.s:5701   .debug_str:00000000000000b2 .LASF115
GAS LISTING C:\Users\hugo\AppData\Local\Temp\ccrWIzdP.s 			page 27


C:\Users\hugo\AppData\Local\Temp\ccrWIzdP.s:6167   .debug_str:0000000000000ade .LASF116
C:\Users\hugo\AppData\Local\Temp\ccrWIzdP.s:5759   .debug_str:000000000000024b .LASF117
C:\Users\hugo\AppData\Local\Temp\ccrWIzdP.s:6053   .debug_str:00000000000008af .LASF118
C:\Users\hugo\AppData\Local\Temp\ccrWIzdP.s:5675   .debug_str:000000000000003b .LASF119
C:\Users\hugo\AppData\Local\Temp\ccrWIzdP.s:5955   .debug_str:0000000000000628 .LASF120
C:\Users\hugo\AppData\Local\Temp\ccrWIzdP.s:6169   .debug_str:0000000000000ae7 .LASF121
C:\Users\hugo\AppData\Local\Temp\ccrWIzdP.s:6223   .debug_str:0000000000000bf0 .LASF122
C:\Users\hugo\AppData\Local\Temp\ccrWIzdP.s:5745   .debug_str:0000000000000204 .LASF123
C:\Users\hugo\AppData\Local\Temp\ccrWIzdP.s:5813   .debug_str:000000000000036a .LASF124
C:\Users\hugo\AppData\Local\Temp\ccrWIzdP.s:5961   .debug_str:0000000000000644 .LASF125
C:\Users\hugo\AppData\Local\Temp\ccrWIzdP.s:6023   .debug_str:00000000000007c4 .LASF126
C:\Users\hugo\AppData\Local\Temp\ccrWIzdP.s:5941   .debug_str:00000000000005e4 .LASF127
C:\Users\hugo\AppData\Local\Temp\ccrWIzdP.s:5663   .debug_str:0000000000000000 .LASF128
C:\Users\hugo\AppData\Local\Temp\ccrWIzdP.s:6165   .debug_str:0000000000000ad6 .LASF129
C:\Users\hugo\AppData\Local\Temp\ccrWIzdP.s:5681   .debug_str:0000000000000054 .LASF130
C:\Users\hugo\AppData\Local\Temp\ccrWIzdP.s:6073   .debug_str:0000000000000910 .LASF131
C:\Users\hugo\AppData\Local\Temp\ccrWIzdP.s:5835   .debug_str:00000000000003c3 .LASF132
C:\Users\hugo\AppData\Local\Temp\ccrWIzdP.s:5915   .debug_str:0000000000000568 .LASF133
C:\Users\hugo\AppData\Local\Temp\ccrWIzdP.s:5727   .debug_str:000000000000012a .LASF134
C:\Users\hugo\AppData\Local\Temp\ccrWIzdP.s:5989   .debug_str:0000000000000704 .LASF135
C:\Users\hugo\AppData\Local\Temp\ccrWIzdP.s:6231   .debug_str:0000000000000c1b .LASF136
C:\Users\hugo\AppData\Local\Temp\ccrWIzdP.s:5829   .debug_str:00000000000003a2 .LASF137
C:\Users\hugo\AppData\Local\Temp\ccrWIzdP.s:5719   .debug_str:000000000000010c .LASF138
C:\Users\hugo\AppData\Local\Temp\ccrWIzdP.s:5881   .debug_str:00000000000004a4 .LASF139
C:\Users\hugo\AppData\Local\Temp\ccrWIzdP.s:6051   .debug_str:00000000000008a7 .LASF140
C:\Users\hugo\AppData\Local\Temp\ccrWIzdP.s:6251   .debug_str:0000000000000c88 .LASF141
C:\Users\hugo\AppData\Local\Temp\ccrWIzdP.s:6137   .debug_str:0000000000000a6a .LASF142
C:\Users\hugo\AppData\Local\Temp\ccrWIzdP.s:6133   .debug_str:0000000000000a55 .LASF143
C:\Users\hugo\AppData\Local\Temp\ccrWIzdP.s:6083   .debug_str:0000000000000952 .LASF144
C:\Users\hugo\AppData\Local\Temp\ccrWIzdP.s:5793   .debug_str:0000000000000300 .LASF145
C:\Users\hugo\AppData\Local\Temp\ccrWIzdP.s:6149   .debug_str:0000000000000a98 .LASF146
C:\Users\hugo\AppData\Local\Temp\ccrWIzdP.s:5859   .debug_str:0000000000000444 .LASF147
C:\Users\hugo\AppData\Local\Temp\ccrWIzdP.s:5751   .debug_str:0000000000000228 .LASF148
C:\Users\hugo\AppData\Local\Temp\ccrWIzdP.s:5741   .debug_str:00000000000001ec .LASF149
C:\Users\hugo\AppData\Local\Temp\ccrWIzdP.s:5827   .debug_str:0000000000000399 .LASF150
C:\Users\hugo\AppData\Local\Temp\ccrWIzdP.s:5839   .debug_str:00000000000003dc .LASF151
C:\Users\hugo\AppData\Local\Temp\ccrWIzdP.s:5997   .debug_str:000000000000072d .LASF152
C:\Users\hugo\AppData\Local\Temp\ccrWIzdP.s:6127   .debug_str:0000000000000a36 .LASF153
C:\Users\hugo\AppData\Local\Temp\ccrWIzdP.s:5885   .debug_str:00000000000004b9 .LASF154
C:\Users\hugo\AppData\Local\Temp\ccrWIzdP.s:5721   .debug_str:0000000000000115 .LASF155
C:\Users\hugo\AppData\Local\Temp\ccrWIzdP.s:5979   .debug_str:00000000000006c3 .LASF156
C:\Users\hugo\AppData\Local\Temp\ccrWIzdP.s:5987   .debug_str:00000000000006f9 .LASF157
C:\Users\hugo\AppData\Local\Temp\ccrWIzdP.s:6079   .debug_str:000000000000093d .LASF158
C:\Users\hugo\AppData\Local\Temp\ccrWIzdP.s:6113   .debug_str:00000000000009e3 .LASF159
C:\Users\hugo\AppData\Local\Temp\ccrWIzdP.s:6121   .debug_str:0000000000000a1b .LASF160
C:\Users\hugo\AppData\Local\Temp\ccrWIzdP.s:6131   .debug_str:0000000000000a50 .LASF161
C:\Users\hugo\AppData\Local\Temp\ccrWIzdP.s:5977   .debug_str:00000000000006bb .LASF162
C:\Users\hugo\AppData\Local\Temp\ccrWIzdP.s:5999   .debug_str:0000000000000741 .LASF163
C:\Users\hugo\AppData\Local\Temp\ccrWIzdP.s:6189   .debug_str:0000000000000b57 .LASF164
C:\Users\hugo\AppData\Local\Temp\ccrWIzdP.s:5743   .debug_str:00000000000001f4 .LASF165
C:\Users\hugo\AppData\Local\Temp\ccrWIzdP.s:5689   .debug_str:0000000000000076 .LASF166
C:\Users\hugo\AppData\Local\Temp\ccrWIzdP.s:5843   .debug_str:00000000000003f4 .LASF167
C:\Users\hugo\AppData\Local\Temp\ccrWIzdP.s:6245   .debug_str:0000000000000c62 .LASF168
C:\Users\hugo\AppData\Local\Temp\ccrWIzdP.s:6153   .debug_str:0000000000000aa4 .LASF169
C:\Users\hugo\AppData\Local\Temp\ccrWIzdP.s:5873   .debug_str:0000000000000481 .LASF171
C:\Users\hugo\AppData\Local\Temp\ccrWIzdP.s:6041   .debug_str:000000000000082f .LASF172
C:\Users\hugo\AppData\Local\Temp\ccrWIzdP.s:6197   .debug_str:0000000000000b7d .LASF173
GAS LISTING C:\Users\hugo\AppData\Local\Temp\ccrWIzdP.s 			page 28


C:\Users\hugo\AppData\Local\Temp\ccrWIzdP.s:6209   .debug_str:0000000000000bb1 .LASF174
C:\Users\hugo\AppData\Local\Temp\ccrWIzdP.s:5837   .debug_str:00000000000003cd .LASF175
C:\Users\hugo\AppData\Local\Temp\ccrWIzdP.s:6139   .debug_str:0000000000000a6f .LASF176
C:\Users\hugo\AppData\Local\Temp\ccrWIzdP.s:6235   .debug_str:0000000000000c31 .LASF177
C:\Users\hugo\AppData\Local\Temp\ccrWIzdP.s:6065   .debug_str:00000000000008e9 .LASF178
C:\Users\hugo\AppData\Local\Temp\ccrWIzdP.s:5669   .debug_str:000000000000001f .LASF179
C:\Users\hugo\AppData\Local\Temp\ccrWIzdP.s:5757   .debug_str:0000000000000245 .LASF180
C:\Users\hugo\AppData\Local\Temp\ccrWIzdP.s:6067   .debug_str:00000000000008f1 .LASF181
C:\Users\hugo\AppData\Local\Temp\ccrWIzdP.s:6025   .debug_str:00000000000007ce .LASF182
C:\Users\hugo\AppData\Local\Temp\ccrWIzdP.s:5673   .debug_str:0000000000000033 .LASF183
C:\Users\hugo\AppData\Local\Temp\ccrWIzdP.s:6129   .debug_str:0000000000000a45 .LASF184
C:\Users\hugo\AppData\Local\Temp\ccrWIzdP.s:6219   .debug_str:0000000000000bdf .LASF185
C:\Users\hugo\AppData\Local\Temp\ccrWIzdP.s:5917   .debug_str:0000000000000570 .LASF186
C:\Users\hugo\AppData\Local\Temp\ccrWIzdP.s:6119   .debug_str:0000000000000a12 .LASF187
C:\Users\hugo\AppData\Local\Temp\ccrWIzdP.s:5929   .debug_str:00000000000005af .LASF188
C:\Users\hugo\AppData\Local\Temp\ccrWIzdP.s:6141   .debug_str:0000000000000a76 .LASF189
C:\Users\hugo\AppData\Local\Temp\ccrWIzdP.s:5933   .debug_str:00000000000005c1 .LASF190
C:\Users\hugo\AppData\Local\Temp\ccrWIzdP.s:5975   .debug_str:00000000000006b5 .LASF191
C:\Users\hugo\AppData\Local\Temp\ccrWIzdP.s:5877   .debug_str:0000000000000496 .LASF192
C:\Users\hugo\AppData\Local\Temp\ccrWIzdP.s:5699   .debug_str:00000000000000ad .LASF193
C:\Users\hugo\AppData\Local\Temp\ccrWIzdP.s:5705   .debug_str:00000000000000c4 .LASF194
C:\Users\hugo\AppData\Local\Temp\ccrWIzdP.s:6279   .debug_str:0000000000000d2c .LASF195
C:\Users\hugo\AppData\Local\Temp\ccrWIzdP.s:6247   .debug_str:0000000000000c6c .LASF196
C:\Users\hugo\AppData\Local\Temp\ccrWIzdP.s:5895   .debug_str:00000000000004ed .LASF197
C:\Users\hugo\AppData\Local\Temp\ccrWIzdP.s:5791   .debug_str:00000000000002f7 .LASF198
C:\Users\hugo\AppData\Local\Temp\ccrWIzdP.s:6193   .debug_str:0000000000000b6b .LASF199
C:\Users\hugo\AppData\Local\Temp\ccrWIzdP.s:6039   .debug_str:0000000000000825 .LASF200
C:\Users\hugo\AppData\Local\Temp\ccrWIzdP.s:6049   .debug_str:000000000000089d .LASF201
C:\Users\hugo\AppData\Local\Temp\ccrWIzdP.s:6269   .debug_str:0000000000000ced .LASF202
C:\Users\hugo\AppData\Local\Temp\ccrWIzdP.s:5755   .debug_str:0000000000000237 .LASF203
C:\Users\hugo\AppData\Local\Temp\ccrWIzdP.s:5723   .debug_str:000000000000011c .LASF204
C:\Users\hugo\AppData\Local\Temp\ccrWIzdP.s:6089   .debug_str:0000000000000971 .LASF205
C:\Users\hugo\AppData\Local\Temp\ccrWIzdP.s:6187   .debug_str:0000000000000b4e .LASF206
C:\Users\hugo\AppData\Local\Temp\ccrWIzdP.s:6213   .debug_str:0000000000000bc8 .LASF207
C:\Users\hugo\AppData\Local\Temp\ccrWIzdP.s:6021   .debug_str:00000000000007bc .LASF208
C:\Users\hugo\AppData\Local\Temp\ccrWIzdP.s:6207   .debug_str:0000000000000bac .LASF209
C:\Users\hugo\AppData\Local\Temp\ccrWIzdP.s:5841   .debug_str:00000000000003ef .LASF210
C:\Users\hugo\AppData\Local\Temp\ccrWIzdP.s:6211   .debug_str:0000000000000bc1 .LASF211
C:\Users\hugo\AppData\Local\Temp\ccrWIzdP.s:6109   .debug_str:00000000000009d0 .LASF212
C:\Users\hugo\AppData\Local\Temp\ccrWIzdP.s:5779   .debug_str:00000000000002be .LASF213
C:\Users\hugo\AppData\Local\Temp\ccrWIzdP.s:5907   .debug_str:000000000000053d .LASF214
C:\Users\hugo\AppData\Local\Temp\ccrWIzdP.s:6017   .debug_str:000000000000079f .LASF215
C:\Users\hugo\AppData\Local\Temp\ccrWIzdP.s:5753   .debug_str:0000000000000231 .LASF216
C:\Users\hugo\AppData\Local\Temp\ccrWIzdP.s:6203   .debug_str:0000000000000b9e .LASF217
C:\Users\hugo\AppData\Local\Temp\ccrWIzdP.s:5871   .debug_str:0000000000000479 .LASF218
C:\Users\hugo\AppData\Local\Temp\ccrWIzdP.s:5683   .debug_str:000000000000005c .LASF219
C:\Users\hugo\AppData\Local\Temp\ccrWIzdP.s:5685   .debug_str:0000000000000062 .LASF220
C:\Users\hugo\AppData\Local\Temp\ccrWIzdP.s:6061   .debug_str:00000000000008d5 .LASF221
C:\Users\hugo\AppData\Local\Temp\ccrWIzdP.s:6047   .debug_str:0000000000000896 .LASF222
C:\Users\hugo\AppData\Local\Temp\ccrWIzdP.s:6005   .debug_str:0000000000000766 .LASF223
C:\Users\hugo\AppData\Local\Temp\ccrWIzdP.s:5703   .debug_str:00000000000000be .LASF224
C:\Users\hugo\AppData\Local\Temp\ccrWIzdP.s:6099   .debug_str:000000000000099e .LASF225
C:\Users\hugo\AppData\Local\Temp\ccrWIzdP.s:5889   .debug_str:00000000000004d2 .LASF226
C:\Users\hugo\AppData\Local\Temp\ccrWIzdP.s:6145   .debug_str:0000000000000a84 .LASF227
C:\Users\hugo\AppData\Local\Temp\ccrWIzdP.s:5725   .debug_str:0000000000000124 .LASF228
C:\Users\hugo\AppData\Local\Temp\ccrWIzdP.s:6011   .debug_str:0000000000000782 .LASF229
C:\Users\hugo\AppData\Local\Temp\ccrWIzdP.s:5911   .debug_str:0000000000000550 .LASF230
GAS LISTING C:\Users\hugo\AppData\Local\Temp\ccrWIzdP.s 			page 29


C:\Users\hugo\AppData\Local\Temp\ccrWIzdP.s:5733   .debug_str:00000000000001c1 .LASF231
C:\Users\hugo\AppData\Local\Temp\ccrWIzdP.s:5921   .debug_str:0000000000000588 .LASF232
C:\Users\hugo\AppData\Local\Temp\ccrWIzdP.s:5853   .debug_str:0000000000000427 .LASF233
C:\Users\hugo\AppData\Local\Temp\ccrWIzdP.s:6097   .debug_str:0000000000000996 .LASF234
C:\Users\hugo\AppData\Local\Temp\ccrWIzdP.s:6007   .debug_str:000000000000076c .LASF235
C:\Users\hugo\AppData\Local\Temp\ccrWIzdP.s:6205   .debug_str:0000000000000ba7 .LASF236
C:\Users\hugo\AppData\Local\Temp\ccrWIzdP.s:5945   .debug_str:00000000000005f7 .LASF237
C:\Users\hugo\AppData\Local\Temp\ccrWIzdP.s:6271   .debug_str:0000000000000cf8 .LASF238
C:\Users\hugo\AppData\Local\Temp\ccrWIzdP.s:6217   .debug_str:0000000000000bd7 .LASF239
C:\Users\hugo\AppData\Local\Temp\ccrWIzdP.s:5909   .debug_str:0000000000000545 .LASF240
C:\Users\hugo\AppData\Local\Temp\ccrWIzdP.s:5937   .debug_str:00000000000005d1 .LASF241
C:\Users\hugo\AppData\Local\Temp\ccrWIzdP.s:6229   .debug_str:0000000000000c13 .LASF242
C:\Users\hugo\AppData\Local\Temp\ccrWIzdP.s:5777   .debug_str:00000000000002b4 .LASF243
C:\Users\hugo\AppData\Local\Temp\ccrWIzdP.s:5901   .debug_str:0000000000000510 .LASF244
C:\Users\hugo\AppData\Local\Temp\ccrWIzdP.s:5969   .debug_str:000000000000069f .LASF245
C:\Users\hugo\AppData\Local\Temp\ccrWIzdP.s:5797   .debug_str:0000000000000312 .LASF246
C:\Users\hugo\AppData\Local\Temp\ccrWIzdP.s:5893   .debug_str:00000000000004e5 .LASF247
C:\Users\hugo\AppData\Local\Temp\ccrWIzdP.s:6003   .debug_str:0000000000000761 .LASF248
C:\Users\hugo\AppData\Local\Temp\ccrWIzdP.s:5939   .debug_str:00000000000005db .LASF249
C:\Users\hugo\AppData\Local\Temp\ccrWIzdP.s:5883   .debug_str:00000000000004af .LASF250
C:\Users\hugo\AppData\Local\Temp\ccrWIzdP.s:5957   .debug_str:0000000000000633 .LASF251
C:\Users\hugo\AppData\Local\Temp\ccrWIzdP.s:5679   .debug_str:000000000000004f .LASF252
C:\Users\hugo\AppData\Local\Temp\ccrWIzdP.s:6037   .debug_str:0000000000000820 .LASF253
C:\Users\hugo\AppData\Local\Temp\ccrWIzdP.s:6123   .debug_str:0000000000000a26 .LASF254
C:\Users\hugo\AppData\Local\Temp\ccrWIzdP.s:5973   .debug_str:00000000000006af .LASF255
C:\Users\hugo\AppData\Local\Temp\ccrWIzdP.s:5953   .debug_str:0000000000000621 .LASF256
C:\Users\hugo\AppData\Local\Temp\ccrWIzdP.s:5971   .debug_str:00000000000006a9 .LASF257
C:\Users\hugo\AppData\Local\Temp\ccrWIzdP.s:6095   .debug_str:000000000000098e .LASF258
C:\Users\hugo\AppData\Local\Temp\ccrWIzdP.s:6057   .debug_str:00000000000008c4 .LASF259
C:\Users\hugo\AppData\Local\Temp\ccrWIzdP.s:5731   .debug_str:00000000000001bb .LASF260
C:\Users\hugo\AppData\Local\Temp\ccrWIzdP.s:6237   .debug_str:0000000000000c38 .LASF261
C:\Users\hugo\AppData\Local\Temp\ccrWIzdP.s:5801   .debug_str:0000000000000321 .LASF262
C:\Users\hugo\AppData\Local\Temp\ccrWIzdP.s:6111   .debug_str:00000000000009d6 .LASF263
C:\Users\hugo\AppData\Local\Temp\ccrWIzdP.s:5687   .debug_str:0000000000000069 .LASF264
C:\Users\hugo\AppData\Local\Temp\ccrWIzdP.s:5783   .debug_str:00000000000002ce .LASF265
C:\Users\hugo\AppData\Local\Temp\ccrWIzdP.s:5963   .debug_str:0000000000000651 .LASF266
C:\Users\hugo\AppData\Local\Temp\ccrWIzdP.s:6013   .debug_str:000000000000078b .LASF267
C:\Users\hugo\AppData\Local\Temp\ccrWIzdP.s:6135   .debug_str:0000000000000a65 .LASF268
C:\Users\hugo\AppData\Local\Temp\ccrWIzdP.s:6171   .debug_str:0000000000000af1 .LASF269
C:\Users\hugo\AppData\Local\Temp\ccrWIzdP.s:6071   .debug_str:0000000000000902 .LASF270
C:\Users\hugo\AppData\Local\Temp\ccrWIzdP.s:6009   .debug_str:0000000000000774 .LASF271
C:\Users\hugo\AppData\Local\Temp\ccrWIzdP.s:5711   .debug_str:00000000000000e6 .LASF272
C:\Users\hugo\AppData\Local\Temp\ccrWIzdP.s:5923   .debug_str:000000000000058f .LASF273
C:\Users\hugo\AppData\Local\Temp\ccrWIzdP.s:6281   .debug_str:0000000000000d35 .LASF274
C:\Users\hugo\AppData\Local\Temp\ccrWIzdP.s:5767   .debug_str:0000000000000278 .LASF275
C:\Users\hugo\AppData\Local\Temp\ccrWIzdP.s:6117   .debug_str:0000000000000a03 .LASF276
C:\Users\hugo\AppData\Local\Temp\ccrWIzdP.s:6257   .debug_str:0000000000000caa .LASF277
C:\Users\hugo\AppData\Local\Temp\ccrWIzdP.s:5991   .debug_str:000000000000070d .LASF278
C:\Users\hugo\AppData\Local\Temp\ccrWIzdP.s:5981   .debug_str:00000000000006cc .LASF279
C:\Users\hugo\AppData\Local\Temp\ccrWIzdP.s:5847   .debug_str:0000000000000409 .LASF280
C:\Users\hugo\AppData\Local\Temp\ccrWIzdP.s:6215   .debug_str:0000000000000bd0 .LASF281
C:\Users\hugo\AppData\Local\Temp\ccrWIzdP.s:5959   .debug_str:000000000000063b .LASF282
C:\Users\hugo\AppData\Local\Temp\ccrWIzdP.s:5697   .debug_str:00000000000000a5 .LASF283
C:\Users\hugo\AppData\Local\Temp\ccrWIzdP.s:5671   .debug_str:0000000000000028 .LASF311
C:\Users\hugo\AppData\Local\Temp\ccrWIzdP.s:5771   .debug_str:000000000000028f .LASF284
C:\Users\hugo\AppData\Local\Temp\ccrWIzdP.s:6027   .debug_str:00000000000007d6 .LASF285
C:\Users\hugo\AppData\Local\Temp\ccrWIzdP.s:6091   .debug_str:000000000000097d .LASF286
GAS LISTING C:\Users\hugo\AppData\Local\Temp\ccrWIzdP.s 			page 30


C:\Users\hugo\AppData\Local\Temp\ccrWIzdP.s:5747   .debug_str:0000000000000215 .LASF287
C:\Users\hugo\AppData\Local\Temp\ccrWIzdP.s:6273   .debug_str:0000000000000d11 .LASF288
C:\Users\hugo\AppData\Local\Temp\ccrWIzdP.s:5845   .debug_str:00000000000003fe .LASF289
C:\Users\hugo\AppData\Local\Temp\ccrWIzdP.s:5985   .debug_str:00000000000006ea .LASF292
C:\Users\hugo\AppData\Local\Temp\ccrWIzdP.s:502    .text.usbd_in_transc:0000000000000000 .LFB9
C:\Users\hugo\AppData\Local\Temp\ccrWIzdP.s:677    .text.usbd_in_transc:000000000000010c .LFE9
C:\Users\hugo\AppData\Local\Temp\ccrWIzdP.s:5099   .debug_loc:0000000000000000 .LLST17
C:\Users\hugo\AppData\Local\Temp\ccrWIzdP.s:5667   .debug_str:000000000000001a .LASF290
C:\Users\hugo\AppData\Local\Temp\ccrWIzdP.s:5127   .debug_loc:0000000000000044 .LLST18
C:\Users\hugo\AppData\Local\Temp\ccrWIzdP.s:6225   .debug_str:0000000000000c02 .LASF291
C:\Users\hugo\AppData\Local\Temp\ccrWIzdP.s:5176   .debug_loc:00000000000000c0 .LLST19
C:\Users\hugo\AppData\Local\Temp\ccrWIzdP.s:523    .text.usbd_in_transc:0000000000000018 .LBB3
C:\Users\hugo\AppData\Local\Temp\ccrWIzdP.s:628    .text.usbd_in_transc:00000000000000cc .LBE3
C:\Users\hugo\AppData\Local\Temp\ccrWIzdP.s:5717   .debug_str:0000000000000105 .LASF294
C:\Users\hugo\AppData\Local\Temp\ccrWIzdP.s:5223   .debug_loc:000000000000012c .LLST20
C:\Users\hugo\AppData\Local\Temp\ccrWIzdP.s:558    .text.usbd_in_transc:000000000000005e .LVL47
C:\Users\hugo\AppData\Local\Temp\ccrWIzdP.s:577    .text.usbd_in_transc:000000000000007c .LVL51
C:\Users\hugo\AppData\Local\Temp\ccrWIzdP.s:614    .text.usbd_in_transc:00000000000000b6 .LVL55
C:\Users\hugo\AppData\Local\Temp\ccrWIzdP.s:623    .text.usbd_in_transc:00000000000000ca .LVL56
C:\Users\hugo\AppData\Local\Temp\ccrWIzdP.s:657    .text.usbd_in_transc:0000000000000100 .LVL60
C:\Users\hugo\AppData\Local\Temp\ccrWIzdP.s:6185   .debug_str:0000000000000b3e .LASF293
C:\Users\hugo\AppData\Local\Temp\ccrWIzdP.s:343    .text.usbd_out_transc:0000000000000000 .LFB8
C:\Users\hugo\AppData\Local\Temp\ccrWIzdP.s:495    .text.usbd_out_transc:00000000000000e6 .LFE8
C:\Users\hugo\AppData\Local\Temp\ccrWIzdP.s:5235   .debug_loc:000000000000014b .LLST13
C:\Users\hugo\AppData\Local\Temp\ccrWIzdP.s:5263   .debug_loc:000000000000018f .LLST14
C:\Users\hugo\AppData\Local\Temp\ccrWIzdP.s:5303   .debug_loc:00000000000001f4 .LLST15
C:\Users\hugo\AppData\Local\Temp\ccrWIzdP.s:364    .text.usbd_out_transc:0000000000000018 .LBB2
C:\Users\hugo\AppData\Local\Temp\ccrWIzdP.s:446    .text.usbd_out_transc:00000000000000a6 .LBE2
C:\Users\hugo\AppData\Local\Temp\ccrWIzdP.s:5339   .debug_loc:0000000000000247 .LLST16
C:\Users\hugo\AppData\Local\Temp\ccrWIzdP.s:399    .text.usbd_out_transc:000000000000005e .LVL31
C:\Users\hugo\AppData\Local\Temp\ccrWIzdP.s:432    .text.usbd_out_transc:0000000000000090 .LVL35
C:\Users\hugo\AppData\Local\Temp\ccrWIzdP.s:441    .text.usbd_out_transc:00000000000000a4 .LVL36
C:\Users\hugo\AppData\Local\Temp\ccrWIzdP.s:475    .text.usbd_out_transc:00000000000000da .LVL40
C:\Users\hugo\AppData\Local\Temp\ccrWIzdP.s:5897   .debug_str:00000000000004f7 .LASF295
C:\Users\hugo\AppData\Local\Temp\ccrWIzdP.s:225    .text.usbd_setup_transc:0000000000000000 .LFB7
C:\Users\hugo\AppData\Local\Temp\ccrWIzdP.s:336    .text.usbd_setup_transc:0000000000000094 .LFE7
C:\Users\hugo\AppData\Local\Temp\ccrWIzdP.s:5351   .debug_loc:0000000000000266 .LLST10
C:\Users\hugo\AppData\Local\Temp\ccrWIzdP.s:5374   .debug_loc:000000000000029e .LLST11
C:\Users\hugo\AppData\Local\Temp\ccrWIzdP.s:5951   .debug_str:0000000000000619 .LASF296
C:\Users\hugo\AppData\Local\Temp\ccrWIzdP.s:5396   .debug_loc:00000000000002d5 .LLST12
C:\Users\hugo\AppData\Local\Temp\ccrWIzdP.s:261    .text.usbd_setup_transc:0000000000000034 .LVL15
C:\Users\hugo\AppData\Local\Temp\ccrWIzdP.s:275    .text.usbd_setup_transc:0000000000000046 .LVL17
C:\Users\hugo\AppData\Local\Temp\ccrWIzdP.s:298    .text.usbd_setup_transc:000000000000005a .LVL20
C:\Users\hugo\AppData\Local\Temp\ccrWIzdP.s:307    .text.usbd_setup_transc:0000000000000066 .LVL22
C:\Users\hugo\AppData\Local\Temp\ccrWIzdP.s:321    .text.usbd_setup_transc:000000000000007a .LVL24
C:\Users\hugo\AppData\Local\Temp\ccrWIzdP.s:326    .text.usbd_setup_transc:0000000000000084 .LVL25
C:\Users\hugo\AppData\Local\Temp\ccrWIzdP.s:333    .text.usbd_setup_transc:0000000000000092 .LVL26
C:\Users\hugo\AppData\Local\Temp\ccrWIzdP.s:6019   .debug_str:00000000000007a6 .LASF297
C:\Users\hugo\AppData\Local\Temp\ccrWIzdP.s:176    .text.usbd_ctl_status_recev:0000000000000000 .LFB6
C:\Users\hugo\AppData\Local\Temp\ccrWIzdP.s:218    .text.usbd_ctl_status_recev:0000000000000030 .LFE6
C:\Users\hugo\AppData\Local\Temp\ccrWIzdP.s:5426   .debug_loc:0000000000000322 .LLST8
C:\Users\hugo\AppData\Local\Temp\ccrWIzdP.s:5444   .debug_loc:000000000000034e .LLST9
C:\Users\hugo\AppData\Local\Temp\ccrWIzdP.s:200    .text.usbd_ctl_status_recev:000000000000001c .LVL11
C:\Users\hugo\AppData\Local\Temp\ccrWIzdP.s:204    .text.usbd_ctl_status_recev:0000000000000026 .LVL12
C:\Users\hugo\AppData\Local\Temp\ccrWIzdP.s:6103   .debug_str:00000000000009af .LASF298
C:\Users\hugo\AppData\Local\Temp\ccrWIzdP.s:127    .text.usbd_ctl_status_send:0000000000000000 .LFB5
C:\Users\hugo\AppData\Local\Temp\ccrWIzdP.s:169    .text.usbd_ctl_status_send:0000000000000030 .LFE5
GAS LISTING C:\Users\hugo\AppData\Local\Temp\ccrWIzdP.s 			page 31


C:\Users\hugo\AppData\Local\Temp\ccrWIzdP.s:5462   .debug_loc:000000000000037a .LLST6
C:\Users\hugo\AppData\Local\Temp\ccrWIzdP.s:5480   .debug_loc:00000000000003a6 .LLST7
C:\Users\hugo\AppData\Local\Temp\ccrWIzdP.s:151    .text.usbd_ctl_status_send:000000000000001c .LVL7
C:\Users\hugo\AppData\Local\Temp\ccrWIzdP.s:155    .text.usbd_ctl_status_send:0000000000000026 .LVL8
C:\Users\hugo\AppData\Local\Temp\ccrWIzdP.s:5715   .debug_str:00000000000000f6 .LASF299
C:\Users\hugo\AppData\Local\Temp\ccrWIzdP.s:71     .text.usbd_ctl_recev:0000000000000000 .LFB4
C:\Users\hugo\AppData\Local\Temp\ccrWIzdP.s:120    .text.usbd_ctl_recev:0000000000000038 .LFE4
C:\Users\hugo\AppData\Local\Temp\ccrWIzdP.s:5498   .debug_loc:00000000000003d2 .LLST3
C:\Users\hugo\AppData\Local\Temp\ccrWIzdP.s:5516   .debug_loc:00000000000003fe .LLST4
C:\Users\hugo\AppData\Local\Temp\ccrWIzdP.s:5534   .debug_loc:000000000000042a .LLST5
C:\Users\hugo\AppData\Local\Temp\ccrWIzdP.s:94     .text.usbd_ctl_recev:000000000000001a .LVL4
C:\Users\hugo\AppData\Local\Temp\ccrWIzdP.s:6087   .debug_str:0000000000000963 .LASF300
C:\Users\hugo\AppData\Local\Temp\ccrWIzdP.s:14     .text.usbd_ctl_send:0000000000000000 .LFB3
C:\Users\hugo\AppData\Local\Temp\ccrWIzdP.s:64     .text.usbd_ctl_send:0000000000000038 .LFE3
C:\Users\hugo\AppData\Local\Temp\ccrWIzdP.s:5558   .debug_loc:000000000000045f .LLST0
C:\Users\hugo\AppData\Local\Temp\ccrWIzdP.s:5576   .debug_loc:000000000000048b .LLST1
C:\Users\hugo\AppData\Local\Temp\ccrWIzdP.s:5594   .debug_loc:00000000000004b7 .LLST2
C:\Users\hugo\AppData\Local\Temp\ccrWIzdP.s:38     .text.usbd_ctl_send:000000000000001a .LVL1
C:\Users\hugo\AppData\Local\Temp\ccrWIzdP.s:6075   .debug_str:0000000000000919 .LASF301
C:\Users\hugo\AppData\Local\Temp\ccrWIzdP.s:5905   .debug_str:0000000000000527 .LASF302
C:\Users\hugo\AppData\Local\Temp\ccrWIzdP.s:5761   .debug_str:0000000000000253 .LASF303
C:\Users\hugo\AppData\Local\Temp\ccrWIzdP.s:5693   .debug_str:0000000000000087 .LASF304
C:\Users\hugo\AppData\Local\Temp\ccrWIzdP.s:5739   .debug_str:00000000000001dc .LASF305
C:\Users\hugo\AppData\Local\Temp\ccrWIzdP.s:6147   .debug_str:0000000000000a8a .LASF306
C:\Users\hugo\AppData\Local\Temp\ccrWIzdP.s:5775   .debug_str:00000000000002a1 .LASF307
C:\Users\hugo\AppData\Local\Temp\ccrWIzdP.s:507    .text.usbd_in_transc:0000000000000002 .LCFI15
C:\Users\hugo\AppData\Local\Temp\ccrWIzdP.s:514    .text.usbd_in_transc:0000000000000008 .LCFI16
C:\Users\hugo\AppData\Local\Temp\ccrWIzdP.s:667    .text.usbd_in_transc:0000000000000108 .LCFI17
C:\Users\hugo\AppData\Local\Temp\ccrWIzdP.s:672    .text.usbd_in_transc:000000000000010a .LCFI18
C:\Users\hugo\AppData\Local\Temp\ccrWIzdP.s:505    .text.usbd_in_transc:0000000000000000 .LVL43
C:\Users\hugo\AppData\Local\Temp\ccrWIzdP.s:556    .text.usbd_in_transc:0000000000000056 .LVL46
C:\Users\hugo\AppData\Local\Temp\ccrWIzdP.s:561    .text.usbd_in_transc:0000000000000060 .LVL48
C:\Users\hugo\AppData\Local\Temp\ccrWIzdP.s:575    .text.usbd_in_transc:0000000000000074 .LVL50
C:\Users\hugo\AppData\Local\Temp\ccrWIzdP.s:584    .text.usbd_in_transc:0000000000000086 .LVL52
C:\Users\hugo\AppData\Local\Temp\ccrWIzdP.s:612    .text.usbd_in_transc:00000000000000b4 .LVL54
C:\Users\hugo\AppData\Local\Temp\ccrWIzdP.s:626    .text.usbd_in_transc:00000000000000cc .LVL57
C:\Users\hugo\AppData\Local\Temp\ccrWIzdP.s:655    .text.usbd_in_transc:00000000000000fe .LVL59
C:\Users\hugo\AppData\Local\Temp\ccrWIzdP.s:670    .text.usbd_in_transc:0000000000000108 .LVL61
C:\Users\hugo\AppData\Local\Temp\ccrWIzdP.s:674    .text.usbd_in_transc:000000000000010a .LVL62
C:\Users\hugo\AppData\Local\Temp\ccrWIzdP.s:573    .text.usbd_in_transc:0000000000000070 .LVL49
C:\Users\hugo\AppData\Local\Temp\ccrWIzdP.s:610    .text.usbd_in_transc:00000000000000b0 .LVL53
C:\Users\hugo\AppData\Local\Temp\ccrWIzdP.s:653    .text.usbd_in_transc:00000000000000fa .LVL58
C:\Users\hugo\AppData\Local\Temp\ccrWIzdP.s:529    .text.usbd_in_transc:0000000000000024 .LVL44
C:\Users\hugo\AppData\Local\Temp\ccrWIzdP.s:533    .text.usbd_in_transc:0000000000000028 .LVL45
C:\Users\hugo\AppData\Local\Temp\ccrWIzdP.s:348    .text.usbd_out_transc:0000000000000002 .LCFI11
C:\Users\hugo\AppData\Local\Temp\ccrWIzdP.s:355    .text.usbd_out_transc:0000000000000008 .LCFI12
C:\Users\hugo\AppData\Local\Temp\ccrWIzdP.s:485    .text.usbd_out_transc:00000000000000e2 .LCFI13
C:\Users\hugo\AppData\Local\Temp\ccrWIzdP.s:490    .text.usbd_out_transc:00000000000000e4 .LCFI14
C:\Users\hugo\AppData\Local\Temp\ccrWIzdP.s:346    .text.usbd_out_transc:0000000000000000 .LVL27
C:\Users\hugo\AppData\Local\Temp\ccrWIzdP.s:397    .text.usbd_out_transc:0000000000000056 .LVL30
C:\Users\hugo\AppData\Local\Temp\ccrWIzdP.s:402    .text.usbd_out_transc:0000000000000060 .LVL32
C:\Users\hugo\AppData\Local\Temp\ccrWIzdP.s:430    .text.usbd_out_transc:000000000000008e .LVL34
C:\Users\hugo\AppData\Local\Temp\ccrWIzdP.s:444    .text.usbd_out_transc:00000000000000a6 .LVL37
C:\Users\hugo\AppData\Local\Temp\ccrWIzdP.s:473    .text.usbd_out_transc:00000000000000d8 .LVL39
C:\Users\hugo\AppData\Local\Temp\ccrWIzdP.s:488    .text.usbd_out_transc:00000000000000e2 .LVL41
C:\Users\hugo\AppData\Local\Temp\ccrWIzdP.s:492    .text.usbd_out_transc:00000000000000e4 .LVL42
C:\Users\hugo\AppData\Local\Temp\ccrWIzdP.s:428    .text.usbd_out_transc:000000000000008a .LVL33
GAS LISTING C:\Users\hugo\AppData\Local\Temp\ccrWIzdP.s 			page 32


C:\Users\hugo\AppData\Local\Temp\ccrWIzdP.s:471    .text.usbd_out_transc:00000000000000d4 .LVL38
C:\Users\hugo\AppData\Local\Temp\ccrWIzdP.s:370    .text.usbd_out_transc:0000000000000024 .LVL28
C:\Users\hugo\AppData\Local\Temp\ccrWIzdP.s:374    .text.usbd_out_transc:0000000000000028 .LVL29
C:\Users\hugo\AppData\Local\Temp\ccrWIzdP.s:236    .text.usbd_setup_transc:000000000000000a .LCFI8
C:\Users\hugo\AppData\Local\Temp\ccrWIzdP.s:287    .text.usbd_setup_transc:000000000000004e .LCFI9
C:\Users\hugo\AppData\Local\Temp\ccrWIzdP.s:292    .text.usbd_setup_transc:0000000000000050 .LCFI10
C:\Users\hugo\AppData\Local\Temp\ccrWIzdP.s:228    .text.usbd_setup_transc:0000000000000000 .LVL14
C:\Users\hugo\AppData\Local\Temp\ccrWIzdP.s:284    .text.usbd_setup_transc:000000000000004a .LVL18
C:\Users\hugo\AppData\Local\Temp\ccrWIzdP.s:290    .text.usbd_setup_transc:0000000000000050 .LVL19
C:\Users\hugo\AppData\Local\Temp\ccrWIzdP.s:273    .text.usbd_setup_transc:000000000000003e .LVL16
C:\Users\hugo\AppData\Local\Temp\ccrWIzdP.s:301    .text.usbd_setup_transc:000000000000005c .LVL21
C:\Users\hugo\AppData\Local\Temp\ccrWIzdP.s:316    .text.usbd_setup_transc:000000000000006e .LVL23
C:\Users\hugo\AppData\Local\Temp\ccrWIzdP.s:183    .text.usbd_ctl_status_recev:0000000000000002 .LCFI6
C:\Users\hugo\AppData\Local\Temp\ccrWIzdP.s:214    .text.usbd_ctl_status_recev:000000000000002e .LCFI7
C:\Users\hugo\AppData\Local\Temp\ccrWIzdP.s:179    .text.usbd_ctl_status_recev:0000000000000000 .LVL10
C:\Users\hugo\AppData\Local\Temp\ccrWIzdP.s:211    .text.usbd_ctl_status_recev:000000000000002a .LVL13
C:\Users\hugo\AppData\Local\Temp\ccrWIzdP.s:134    .text.usbd_ctl_status_send:0000000000000002 .LCFI4
C:\Users\hugo\AppData\Local\Temp\ccrWIzdP.s:165    .text.usbd_ctl_status_send:000000000000002e .LCFI5
C:\Users\hugo\AppData\Local\Temp\ccrWIzdP.s:130    .text.usbd_ctl_status_send:0000000000000000 .LVL6
C:\Users\hugo\AppData\Local\Temp\ccrWIzdP.s:162    .text.usbd_ctl_status_send:000000000000002a .LVL9
C:\Users\hugo\AppData\Local\Temp\ccrWIzdP.s:81     .text.usbd_ctl_recev:000000000000000a .LCFI2
C:\Users\hugo\AppData\Local\Temp\ccrWIzdP.s:116    .text.usbd_ctl_recev:0000000000000036 .LCFI3
C:\Users\hugo\AppData\Local\Temp\ccrWIzdP.s:74     .text.usbd_ctl_recev:0000000000000000 .LVL3
C:\Users\hugo\AppData\Local\Temp\ccrWIzdP.s:113    .text.usbd_ctl_recev:0000000000000032 .LVL5
C:\Users\hugo\AppData\Local\Temp\ccrWIzdP.s:25     .text.usbd_ctl_send:000000000000000a .LCFI0
C:\Users\hugo\AppData\Local\Temp\ccrWIzdP.s:60     .text.usbd_ctl_send:0000000000000036 .LCFI1
C:\Users\hugo\AppData\Local\Temp\ccrWIzdP.s:18     .text.usbd_ctl_send:0000000000000000 .LVL0
C:\Users\hugo\AppData\Local\Temp\ccrWIzdP.s:57     .text.usbd_ctl_send:0000000000000032 .LVL2
C:\Users\hugo\AppData\Local\Temp\ccrWIzdP.s:695    .debug_info:0000000000000000 .Ldebug_info0

UNDEFINED SYMBOLS
usbd_ep_send
usbd_ep_recev
usb_ctlep_startout
usbd_standard_request
usbd_class_request
usbd_vendor_request
usbd_enum_error
